"row_number","asset_id","category","category_label","asset_name","variant","workflow_preset","aspect_ratio","native_dimensions","final_2x_dimensions","active_style_references","steps","guidance","seed","max_workflow_snapshot","max_workflow_hash","native_workflow_snapshot","native_workflow_hash","output_prefix"
"1","character-jesus-the-harrower-primary-appearance","character","Characters","JESUS - The Harrower","Primary Appearance","4X3","4:3","2048×1536","4096×3072","CI_STYLE_REF_01_GLOBAL_GOLDEN_LIGHT_PALETTE.png | CI_STYLE_REF_02_SMOKE_CAVE_EMBER_PALETTE.png | CI_STYLE_REF_03_FILMIC_SKIN_LINEN_TONALITY.png | CI_STYLE_REF_04_IVORY_LINEN_BLOOD_MATERIAL_DETAIL_OPTIONAL.png | CI_STYLE_REF_05_GOLD_VFX_GLOW_OPTIONAL.png | CI_STYLE_REF_06_CHARACTER_SHEET_ART_DIRECTION_OPTIONAL.png","32","4.0","173100130821279753","workflows/character-jesus-the-harrower-primary-appearance.api.json","9b1f14c5b5b362dcf21d197f958012d04bb80631ed19be543bf9b9d33ce24320","workflows_native/character-jesus-the-harrower-primary-appearance.api.json","1117c14e1809491c6d8bcb3096c59dd2725bf1b7cb898d1d08219e1e97e8bb31","Premiere316/characters/character-jesus-the-harrower-primary-appearance/character-jesus-the-harrower-primary-appearance"
"2","character-jesus-the-harrower-close-up","character","Characters","JESUS - The Harrower","Close-up","2P39X1","2.39:1","2048×864","4096×1728","CI_STYLE_REF_01_GLOBAL_GOLDEN_LIGHT_PALETTE.png | CI_STYLE_REF_02_SMOKE_CAVE_EMBER_PALETTE.png | CI_STYLE_REF_03_FILMIC_SKIN_LINEN_TONALITY.png | CI_STYLE_REF_04_IVORY_LINEN_BLOOD_MATERIAL_DETAIL_OPTIONAL.png | CI_STYLE_REF_05_GOLD_VFX_GLOW_OPTIONAL.png","32","4.0","396468942991638527","workflows/character-jesus-the-harrower-close-up.api.json","1efc089c1d103e02904f8d315b02137a686c4c87f3801adf0c9f081d1e81229b","workflows_native/character-jesus-the-harrower-close-up.api.json","6bde3045b500fe3015552d932c6d02c3a803f49b0573286d41d333ee6084ebdf","Premiere316/characters/character-jesus-the-harrower-close-up/character-jesus-the-harrower-close-up"
"3","character-jesus-the-harrower-action-pose","character","Characters","JESUS - The Harrower","Action Pose","2P39X1","2.39:1","2048×864","4096×1728","CI_STYLE_REF_01_GLOBAL_GOLDEN_LIGHT_PALETTE.png | CI_STYLE_REF_02_SMOKE_CAVE_EMBER_PALETTE.png | CI_STYLE_REF_03_FILMIC_SKIN_LINEN_TONALITY.png | CI_STYLE_REF_04_IVORY_LINEN_BLOOD_MATERIAL_DETAIL_OPTIONAL.png | CI_STYLE_REF_05_GOLD_VFX_GLOW_OPTIONAL.png","32","4.0","84816376301124838","workflows/character-jesus-the-harrower-action-pose.api.json","b2108531f33229981a3a194b59c95ce4204db2136f4236773783caff0f717589","workflows_native/character-jesus-the-harrower-action-pose.api.json","f5b3a709c84c0e2eb9d2a557ab8cf080b24fa10726e6b9135c14c74541af817e","Premiere316/characters/character-jesus-the-harrower-action-pose/character-jesus-the-harrower-action-pose"
"4","character-adam-first-man-freed-appearance","character","Characters","ADAM - First Man Freed","Appearance","4X3","4:3","2048×1536","4096×3072","CI_STYLE_REF_01_GLOBAL_GOLDEN_LIGHT_PALETTE.png | CI_STYLE_REF_02_SMOKE_CAVE_EMBER_PALETTE.png | CI_STYLE_REF_03_FILMIC_SKIN_LINEN_TONALITY.png | CI_STYLE_REF_06_CHARACTER_SHEET_ART_DIRECTION_OPTIONAL.png","32","4.0","55551185775042353","workflows/character-adam-first-man-freed-appearance.api.json","fcc6e5fd7d7af3b1829125a8aef266a89aaa185831584c3f785e509e8c89531a","workflows_native/character-adam-first-man-freed-appearance.api.json","c5641abcaf883fce4e87bdba837b88a36ee47a16697166432e7b00a6ab6ca203","Premiere316/characters/character-adam-first-man-freed-appearance/character-adam-first-man-freed-appearance"
"5","character-eve-first-woman-freed-appearance","character","Characters","EVE - First Woman Freed","Appearance","4X3","4:3","2048×1536","4096×3072","CI_STYLE_REF_01_GLOBAL_GOLDEN_LIGHT_PALETTE.png | CI_STYLE_REF_02_SMOKE_CAVE_EMBER_PALETTE.png | CI_STYLE_REF_03_FILMIC_SKIN_LINEN_TONALITY.png | CI_STYLE_REF_06_CHARACTER_SHEET_ART_DIRECTION_OPTIONAL.png","32","4.0","360975553767585787","workflows/character-eve-first-woman-freed-appearance.api.json","a9d98f8c80159da90dbc4ef2c37b8dc26f92d685e756349baf1ca4a1201c8586","workflows_native/character-eve-first-woman-freed-appearance.api.json","c4685ced5eb5065629576910ec8c6236c6dfe8c510029b744fc739a9b34532d9","Premiere316/characters/character-eve-first-woman-freed-appearance/character-eve-first-woman-freed-appearance"
"6","character-guardian-leader-hells-champion-appearance","character","Characters","GUARDIAN LEADER - Hell's Champion","Appearance","4X3","4:3","2048×1536","4096×3072","CI_STYLE_REF_01_GLOBAL_GOLDEN_LIGHT_PALETTE.png | CI_STYLE_REF_02_SMOKE_CAVE_EMBER_PALETTE.png | CI_STYLE_REF_03_FILMIC_SKIN_LINEN_TONALITY.png | CI_STYLE_REF_06_CHARACTER_SHEET_ART_DIRECTION_OPTIONAL.png","32","4.0","644532722646251645","workflows/character-guardian-leader-hells-champion-appearance.api.json","161280288d8b6a73751e2e835aaa73212d23f0fe98a8e6814f5c479fbd45da3c","workflows_native/character-guardian-leader-hells-champion-appearance.api.json","e2b4f7f698fb42f82b5a1dbf9cc08dbca66ba9f61f5eed09e16d6d5bcf1b11ae","Premiere316/characters/character-guardian-leader-hells-champion-appearance/character-guardian-leader-hells-champion-appearance"
"7","character-moses-freed-prophet-appearance","character","Characters","MOSES - Freed Prophet","Appearance","4X3","4:3","2048×1536","4096×3072","CI_STYLE_REF_01_GLOBAL_GOLDEN_LIGHT_PALETTE.png | CI_STYLE_REF_02_SMOKE_CAVE_EMBER_PALETTE.png | CI_STYLE_REF_03_FILMIC_SKIN_LINEN_TONALITY.png | CI_STYLE_REF_06_CHARACTER_SHEET_ART_DIRECTION_OPTIONAL.png","32","4.0","63761728419237915","workflows/character-moses-freed-prophet-appearance.api.json","73a98822a0e0aa4a541dbdcb6a90102fb0145b9a00d20d350eeaa497612629b7","workflows_native/character-moses-freed-prophet-appearance.api.json","70ee4b894b0072fa45bf5cf2367cf3ed1a2245bd252d2b91d2ebeca044d9b2b6","Premiere316/characters/character-moses-freed-prophet-appearance/character-moses-freed-prophet-appearance"
"8","character-david-freed-king-appearance","character","Characters","DAVID - Freed King","Appearance","4X3","4:3","2048×1536","4096×3072","CI_STYLE_REF_01_GLOBAL_GOLDEN_LIGHT_PALETTE.png | CI_STYLE_REF_02_SMOKE_CAVE_EMBER_PALETTE.png | CI_STYLE_REF_03_FILMIC_SKIN_LINEN_TONALITY.png | CI_STYLE_REF_06_CHARACTER_SHEET_ART_DIRECTION_OPTIONAL.png","32","4.0","105630206739575697","workflows/character-david-freed-king-appearance.api.json","b9f29cbf542cf4751b4c3e2cf538373c8a40c32a596bdef1c21275d710d19068","workflows_native/character-david-freed-king-appearance.api.json","fa2cc880a4c8423652bc29c4070067143ce0672510aeda9f060c73c5100e5dc3","Premiere316/characters/character-david-freed-king-appearance/character-david-freed-king-appearance"
"9","character-john-the-baptist-last-freed-before-resurrection-appearance","character","Characters","JOHN THE BAPTIST - Last Freed Before Resurrection","Appearance","4X3","4:3","2048×1536","4096×3072","CI_STYLE_REF_01_GLOBAL_GOLDEN_LIGHT_PALETTE.png | CI_STYLE_REF_02_SMOKE_CAVE_EMBER_PALETTE.png | CI_STYLE_REF_03_FILMIC_SKIN_LINEN_TONALITY.png | CI_STYLE_REF_06_CHARACTER_SHEET_ART_DIRECTION_OPTIONAL.png","32","4.0","376442806496502681","workflows/character-john-the-baptist-last-freed-before-resurrection-appearance.api.json","306d7e9ec3b78002a413e88d52e2857a8e7bf19e715a2ced1265c507a433c6fe","workflows_native/character-john-the-baptist-last-freed-before-resurrection-appearance.api.json","f68dea8b0f51279149e716a32bb295ab33686ede7ad160e23313cd301e91954a","Premiere316/characters/character-john-the-baptist-last-freed-before-resurrection-appearance/character-john-the-baptist-last-freed-before-resurrection-appearance"
"10","character-abraham-patriarch-freed-appearance","character","Characters","ABRAHAM - Patriarch Freed","Appearance","4X3","4:3","2048×1536","4096×3072","CI_STYLE_REF_01_GLOBAL_GOLDEN_LIGHT_PALETTE.png | CI_STYLE_REF_02_SMOKE_CAVE_EMBER_PALETTE.png | CI_STYLE_REF_03_FILMIC_SKIN_LINEN_TONALITY.png | CI_STYLE_REF_06_CHARACTER_SHEET_ART_DIRECTION_OPTIONAL.png","32","4.0","208021546808586316","workflows/character-abraham-patriarch-freed-appearance.api.json","b98baa22506605bc1e5c7f7d93e81f8c088e7c0f55863bb55eb555894ded39a5","workflows_native/character-abraham-patriarch-freed-appearance.api.json","0d737e1373d1887b8582656a60a7dfc07c7086393925ec7b954b2521ab4f3590","Premiere316/characters/character-abraham-patriarch-freed-appearance/character-abraham-patriarch-freed-appearance"
"11","location-hells-gate-the-fortress-entrance-wide-shot","location","Locations","HELL'S GATE - The Fortress Entrance","Wide Shot","2P39X1","2.39:1","2048×864","4096×1728","CI_STYLE_REF_01_GLOBAL_GOLDEN_LIGHT_PALETTE.png | CI_STYLE_REF_02_SMOKE_CAVE_EMBER_PALETTE.png | CI_STYLE_REF_03_FILMIC_SKIN_LINEN_TONALITY.png","30","4.0","815809347481840876","workflows/location-hells-gate-the-fortress-entrance-wide-shot.api.json","4d5370b6a4af7cdd9d039a3baf45accd72edbf52c3eab8db5e06a0b16f03e24e","workflows_native/location-hells-gate-the-fortress-entrance-wide-shot.api.json","27e9e6fee9742865844a09bfdee2310e85b3992c2d606202dda28be685805688","Premiere316/locations/location-hells-gate-the-fortress-entrance-wide-shot/location-hells-gate-the-fortress-entrance-wide-shot"
"12","location-hells-gate-the-fortress-entrance-close-up-detail","location","Locations","HELL'S GATE - The Fortress Entrance","Close-up Detail","2P39X1","2.39:1","2048×864","4096×1728","CI_STYLE_REF_01_GLOBAL_GOLDEN_LIGHT_PALETTE.png | CI_STYLE_REF_02_SMOKE_CAVE_EMBER_PALETTE.png | CI_STYLE_REF_03_FILMIC_SKIN_LINEN_TONALITY.png","30","4.0","634957965665432414","workflows/location-hells-gate-the-fortress-entrance-close-up-detail.api.json","39c89a14f65b6d72b0fef8109e5ac3a00881626c7eb3cd18efacdeca0bad928f","workflows_native/location-hells-gate-the-fortress-entrance-close-up-detail.api.json","3690fdfae9077583a7ab650edad1289faca826b36070999c3625d4c0dc7ac4f7","Premiere316/locations/location-hells-gate-the-fortress-entrance-close-up-detail/location-hells-gate-the-fortress-entrance-close-up-detail"
"13","location-hells-inner-chamber-the-prison-cavern-wide-shot","location","Locations","HELL'S INNER CHAMBER - The Prison Cavern","Wide Shot","2P39X1","2.39:1","2048×864","4096×1728","CI_STYLE_REF_01_GLOBAL_GOLDEN_LIGHT_PALETTE.png | CI_STYLE_REF_02_SMOKE_CAVE_EMBER_PALETTE.png | CI_STYLE_REF_03_FILMIC_SKIN_LINEN_TONALITY.png","30","4.0","1093814715621769553","workflows/location-hells-inner-chamber-the-prison-cavern-wide-shot.api.json","64ffa8eb205fb0894908ba10092cb9a22c5a8f0241a9e305b69464ef479db879","workflows_native/location-hells-inner-chamber-the-prison-cavern-wide-shot.api.json","688192239b0ca65f8ec4673dd614952504e953f9de44a76e06112157b0950035","Premiere316/locations/location-hells-inner-chamber-the-prison-cavern-wide-shot/location-hells-inner-chamber-the-prison-cavern-wide-shot"
"14","location-hells-inner-chamber-the-prison-cavern-light-transformation","location","Locations","HELL'S INNER CHAMBER - The Prison Cavern","Light Transformation","2P39X1","2.39:1","2048×864","4096×1728","CI_STYLE_REF_01_GLOBAL_GOLDEN_LIGHT_PALETTE.png | CI_STYLE_REF_02_SMOKE_CAVE_EMBER_PALETTE.png | CI_STYLE_REF_03_FILMIC_SKIN_LINEN_TONALITY.png | CI_STYLE_REF_05_GOLD_VFX_GLOW_OPTIONAL.png","30","4.0","199435580098677806","workflows/location-hells-inner-chamber-the-prison-cavern-light-transformation.api.json","54497981148dde5777cb0a95e11bb5b2572f83bad0cd1f39a9fb6d72655390f9","workflows_native/location-hells-inner-chamber-the-prison-cavern-light-transformation.api.json","8f83ce02799908165ceb33fba4ff35a6a0cc143e2bf79448af925a52b9dc5b39","Premiere316/locations/location-hells-inner-chamber-the-prison-cavern-light-transformation/location-hells-inner-chamber-the-prison-cavern-light-transformation"
"15","location-the-descent-vertical-shaft-to-hell-vertical-shot","location","Locations","THE DESCENT - Vertical Shaft to Hell","Vertical Shot","2X3_VERTICAL","2:3","1360×2048","2720×4096","CI_STYLE_REF_01_GLOBAL_GOLDEN_LIGHT_PALETTE.png | CI_STYLE_REF_02_SMOKE_CAVE_EMBER_PALETTE.png | CI_STYLE_REF_03_FILMIC_SKIN_LINEN_TONALITY.png","30","4.0","746996664272349932","workflows/location-the-descent-vertical-shaft-to-hell-vertical-shot.api.json","c9a5465534216224f44ae6482fcbfcb17079316c77b0016960c28aa14fb2437f","workflows_native/location-the-descent-vertical-shaft-to-hell-vertical-shot.api.json","21d01efcd3642d40cb0212b04e39bc4e149d9e9a3f4d48744b46aa7bec0a6f2b","Premiere316/locations/location-the-descent-vertical-shaft-to-hell-vertical-shot/location-the-descent-vertical-shaft-to-hell-vertical-shot"
"16","location-the-ascent-staircase-back-to-heaven-wide-shot","location","Locations","THE ASCENT - Staircase Back to Heaven","Wide Shot","2P39X1","2.39:1","2048×864","4096×1728","CI_STYLE_REF_01_GLOBAL_GOLDEN_LIGHT_PALETTE.png | CI_STYLE_REF_02_SMOKE_CAVE_EMBER_PALETTE.png | CI_STYLE_REF_03_FILMIC_SKIN_LINEN_TONALITY.png | CI_STYLE_REF_05_GOLD_VFX_GLOW_OPTIONAL.png","30","4.0","778184400519887325","workflows/location-the-ascent-staircase-back-to-heaven-wide-shot.api.json","2bddce730f12098eedaadf0a355c176ddb8edc8415c690a5c5cfc03d8e5e4425","workflows_native/location-the-ascent-staircase-back-to-heaven-wide-shot.api.json","8f3861937386c4637bc8fd89781dc594dabccc410baf0c1338caaf60080ceba7","Premiere316/locations/location-the-ascent-staircase-back-to-heaven-wide-shot/location-the-ascent-staircase-back-to-heaven-wide-shot"
"17","artifact-sword-of-light-christs-weapon-close-up","artifact","Props & Artifacts","SWORD OF LIGHT - Christ's Weapon","Close-up","2X3_VERTICAL","2:3","1360×2048","2720×4096","CI_STYLE_REF_01_GLOBAL_GOLDEN_LIGHT_PALETTE.png | CI_STYLE_REF_02_SMOKE_CAVE_EMBER_PALETTE.png | CI_STYLE_REF_03_FILMIC_SKIN_LINEN_TONALITY.png | CI_STYLE_REF_05_GOLD_VFX_GLOW_OPTIONAL.png","32","4.0","1152662244973648168","workflows/artifact-sword-of-light-christs-weapon-close-up.api.json","240edd560e7a0da9f0e4d9eb8c10755eeac4935d86eaf5b88c2e967d5edd86f2","workflows_native/artifact-sword-of-light-christs-weapon-close-up.api.json","d45085f71bbdfcdc0b5b10fd2ab40bfe58dfab54f04ab34b9db65eceec93d5a3","Premiere316/props-artifacts/artifact-sword-of-light-christs-weapon-close-up/artifact-sword-of-light-christs-weapon-close-up"
"18","artifact-hells-chains-instruments-of-bondage-close-up","artifact","Props & Artifacts","HELL'S CHAINS - Instruments of Bondage","Close-up","2P39X1","2.39:1","2048×864","4096×1728","CI_STYLE_REF_01_GLOBAL_GOLDEN_LIGHT_PALETTE.png | CI_STYLE_REF_02_SMOKE_CAVE_EMBER_PALETTE.png | CI_STYLE_REF_03_FILMIC_SKIN_LINEN_TONALITY.png","32","4.0","352242466903497170","workflows/artifact-hells-chains-instruments-of-bondage-close-up.api.json","c0b9c54ccb56b6ecb44a55349d6821adfecc38cf30fbf27450d4245f78b337b0","workflows_native/artifact-hells-chains-instruments-of-bondage-close-up.api.json","8ce7dd10b60d3b345bb82f260fcac4a9eaa936b97006f69d9d7e21a77752351a","Premiere316/props-artifacts/artifact-hells-chains-instruments-of-bondage-close-up/artifact-hells-chains-instruments-of-bondage-close-up"
"19","artifact-davids-harp-symbol-of-music-and-hope-close-up","artifact","Props & Artifacts","DAVID'S HARP - Symbol of Music and Hope","Close-up","4X3","4:3","2048×1536","4096×3072","CI_STYLE_REF_01_GLOBAL_GOLDEN_LIGHT_PALETTE.png | CI_STYLE_REF_02_SMOKE_CAVE_EMBER_PALETTE.png | CI_STYLE_REF_03_FILMIC_SKIN_LINEN_TONALITY.png","32","4.0","580232256834088348","workflows/artifact-davids-harp-symbol-of-music-and-hope-close-up.api.json","3a39174acac91936afbc62666275c387faffac399ed82e2a5924fc6a0dec439b","workflows_native/artifact-davids-harp-symbol-of-music-and-hope-close-up.api.json","1f0ea2987c5b7d68e3664d34df1b09f311cd4804c610995ccf0ee8fa1787bbf5","Premiere316/props-artifacts/artifact-davids-harp-symbol-of-music-and-hope-close-up/artifact-davids-harp-symbol-of-music-and-hope-close-up"
"20","artifact-moses-staff-symbol-of-divine-authority-close-up","artifact","Props & Artifacts","MOSES' STAFF - Symbol of Divine Authority","Close-up","2X3_VERTICAL","2:3","1360×2048","2720×4096","CI_STYLE_REF_01_GLOBAL_GOLDEN_LIGHT_PALETTE.png | CI_STYLE_REF_02_SMOKE_CAVE_EMBER_PALETTE.png | CI_STYLE_REF_03_FILMIC_SKIN_LINEN_TONALITY.png","32","4.0","311650382777473931","workflows/artifact-moses-staff-symbol-of-divine-authority-close-up.api.json","f7df2a37100187a97fcba07c49d537d2cbee6ca0e2cc3960de36f0847eebdb6c","workflows_native/artifact-moses-staff-symbol-of-divine-authority-close-up.api.json","f3f07015e9f0867ac420d6c8734675dbf3acbb9a052df3d2efa30332f38e01e6","Premiere316/props-artifacts/artifact-moses-staff-symbol-of-divine-authority-close-up/artifact-moses-staff-symbol-of-divine-authority-close-up"
"21","atmosphere-divine-light-rays-god-rays-effect-variation-1","atmosphere","Atmosphere & VFX","DIVINE LIGHT RAYS - God Rays Effect","Variation 1","2P39X1","2.39:1","2048×864","4096×1728","CI_STYLE_REF_01_GLOBAL_GOLDEN_LIGHT_PALETTE.png | CI_STYLE_REF_02_SMOKE_CAVE_EMBER_PALETTE.png | CI_STYLE_REF_03_FILMIC_SKIN_LINEN_TONALITY.png | CI_STYLE_REF_05_GOLD_VFX_GLOW_OPTIONAL.png","30","4.0","553329078389588654","workflows/atmosphere-divine-light-rays-god-rays-effect-variation-1.api.json","13a7a0df18edc4cd6be6716adb539074a328f577b9e2a95eec3b2c22a335fb6e","workflows_native/atmosphere-divine-light-rays-god-rays-effect-variation-1.api.json","8d777abd02c674cbac3c0de76bd7aa55219e4c4eec15efdd88bca4fb21b1f360","Premiere316/atmosphere-vfx/atmosphere-divine-light-rays-god-rays-effect-variation-1/atmosphere-divine-light-rays-god-rays-effect-variation-1"
"22","atmosphere-hells-smoke-and-ash-atmospheric-elements-variation-1","atmosphere","Atmosphere & VFX","HELL'S SMOKE AND ASH - Atmospheric Elements","Variation 1","2P39X1","2.39:1","2048×864","4096×1728","CI_STYLE_REF_01_GLOBAL_GOLDEN_LIGHT_PALETTE.png | CI_STYLE_REF_02_SMOKE_CAVE_EMBER_PALETTE.png | CI_STYLE_REF_03_FILMIC_SKIN_LINEN_TONALITY.png","30","4.0","649316850311940327","workflows/atmosphere-hells-smoke-and-ash-atmospheric-elements-variation-1.api.json","961d38d517b8bcbc581390c66f0c3e83f55715aa707a0bc21e647163a3f94170","workflows_native/atmosphere-hells-smoke-and-ash-atmospheric-elements-variation-1.api.json","2c0c791ca77423a71bc5b4bc8697938878b3e7f586820f2f9f79eccb331e233f","Premiere316/atmosphere-vfx/atmosphere-hells-smoke-and-ash-atmospheric-elements-variation-1/atmosphere-hells-smoke-and-ash-atmospheric-elements-variation-1"
"23","atmosphere-shattered-gate-fragments-action-effect-variation-1","atmosphere","Atmosphere & VFX","SHATTERED GATE FRAGMENTS - Action Effect","Variation 1","2P39X1","2.39:1","2048×864","4096×1728","CI_STYLE_REF_01_GLOBAL_GOLDEN_LIGHT_PALETTE.png | CI_STYLE_REF_02_SMOKE_CAVE_EMBER_PALETTE.png | CI_STYLE_REF_03_FILMIC_SKIN_LINEN_TONALITY.png","30","4.0","309752522846283370","workflows/atmosphere-shattered-gate-fragments-action-effect-variation-1.api.json","547a59e7357cbeb23a19217cc411fec129f342a5f61a41db2f8b66b0e2fba233","workflows_native/atmosphere-shattered-gate-fragments-action-effect-variation-1.api.json","e96a65fab965104773f372dda1b1abe9fd12af88b2c3b16636bc3b167a3d886f","Premiere316/atmosphere-vfx/atmosphere-shattered-gate-fragments-action-effect-variation-1/atmosphere-shattered-gate-fragments-action-effect-variation-1"
"24","guide-frame-first-frame-the-descent-begins-variation-1","guide-frame","Guide Frames","FIRST FRAME - The Descent Begins","Variation 1","2P39X1","2.39:1","2048×864","4096×1728","CI_STYLE_REF_01_GLOBAL_GOLDEN_LIGHT_PALETTE.png | CI_STYLE_REF_02_SMOKE_CAVE_EMBER_PALETTE.png | CI_STYLE_REF_03_FILMIC_SKIN_LINEN_TONALITY.png | CI_STYLE_REF_05_GOLD_VFX_GLOW_OPTIONAL.png","30","4.0","617621408084238658","workflows/guide-frame-first-frame-the-descent-begins-variation-1.api.json","d34342b2b3d1552fd68f36c53b3ae2ecb04154e511dc68fa709727f4070f517d","workflows_native/guide-frame-first-frame-the-descent-begins-variation-1.api.json","56e32161404b5c204d8e094d0a2e1482eb271722fed5df418dd864163f8fa0be","Premiere316/guide-frames/guide-frame-first-frame-the-descent-begins-variation-1/guide-frame-first-frame-the-descent-begins-variation-1"
"25","guide-frame-last-frame-dawn-after-victory-variation-1","guide-frame","Guide Frames","LAST FRAME - Dawn After Victory","Variation 1","2P39X1","2.39:1","2048×864","4096×1728","CI_STYLE_REF_01_GLOBAL_GOLDEN_LIGHT_PALETTE.png | CI_STYLE_REF_02_SMOKE_CAVE_EMBER_PALETTE.png | CI_STYLE_REF_03_FILMIC_SKIN_LINEN_TONALITY.png | CI_STYLE_REF_05_GOLD_VFX_GLOW_OPTIONAL.png","30","4.0","394562820398108605","workflows/guide-frame-last-frame-dawn-after-victory-variation-1.api.json","91744d8b3920a7802a59f9ec876e60403dcf4a532817b3a9c76adcdf05986a27","workflows_native/guide-frame-last-frame-dawn-after-victory-variation-1.api.json","082b1acb8a93ce238b82598ca0b047bfbdc9fad22fca4a329e24a702aae00c4a","Premiere316/guide-frames/guide-frame-last-frame-dawn-after-victory-variation-1/guide-frame-last-frame-dawn-after-victory-variation-1"
"26","char-elijah","character","Characters","Elijah","Identity Ingredients","4X3","4:3","2048×1536","4096×3072","CI_STYLE_REF_01_GLOBAL_GOLDEN_LIGHT_PALETTE.png | CI_STYLE_REF_02_SMOKE_CAVE_EMBER_PALETTE.png | CI_STYLE_REF_03_FILMIC_SKIN_LINEN_TONALITY.png | CI_STYLE_REF_06_CHARACTER_SHEET_ART_DIRECTION_OPTIONAL.png","32","4.0","362316983043777782","workflows/char-elijah.api.json","c9fd533b9858a59fa20ab5909769bc96d49065410c5fe0e6a3cd05192bd1d738","workflows_native/char-elijah.api.json","e8f83ea43c0306c60328fb35e49ea4cf23ed51107a4163c91fc0a383cda22960","Premiere316/characters/char-elijah/char-elijah"
"27","loc-desert-night","location","Locations","Earth desert at night","Production Reference","2P39X1","2.39:1","2048×864","4096×1728","CI_STYLE_REF_01_GLOBAL_GOLDEN_LIGHT_PALETTE.png | CI_STYLE_REF_02_SMOKE_CAVE_EMBER_PALETTE.png | CI_STYLE_REF_03_FILMIC_SKIN_LINEN_TONALITY.png","30","4.0","1142411495112985144","workflows/loc-desert-night.api.json","d2ca4de9da038a5501a25aa8b0f142725c6a81aa43a1db39313b5bf4586283b8","workflows_native/loc-desert-night.api.json","8dcab60035bc6c8fd08cc99ed0ce5a3524f9ea32f6c03203ea9f3bb559377e88","Premiere316/locations/loc-desert-night/loc-desert-night"
"28","loc-fissure-shaft","location","Locations","Vertical fissure / descent shaft","Production Reference","2X3_VERTICAL","2:3","1360×2048","2720×4096","CI_STYLE_REF_01_GLOBAL_GOLDEN_LIGHT_PALETTE.png | CI_STYLE_REF_02_SMOKE_CAVE_EMBER_PALETTE.png | CI_STYLE_REF_03_FILMIC_SKIN_LINEN_TONALITY.png","30","4.0","285335340646658190","workflows/loc-fissure-shaft.api.json","b496f2aed981a2afaa440c5c8c676d5c4617e9fe0dea54eab316acc6b008cede","workflows_native/loc-fissure-shaft.api.json","96d7feebeb3bf9a994bc2553cd6ad6ffbc65680fd8bb13de3e18d1cf8b42dd63","Premiere316/locations/loc-fissure-shaft/loc-fissure-shaft"
"29","loc-hell-abyss-approach","location","Locations","Abyss approach to Hell's Gate","Production Reference","2P39X1","2.39:1","2048×864","4096×1728","CI_STYLE_REF_01_GLOBAL_GOLDEN_LIGHT_PALETTE.png | CI_STYLE_REF_02_SMOKE_CAVE_EMBER_PALETTE.png | CI_STYLE_REF_03_FILMIC_SKIN_LINEN_TONALITY.png","30","4.0","873859878987064106","workflows/loc-hell-abyss-approach.api.json","9c6607a96b7f53452a03e8a9b8784e6165f160764a59e7deb034ca57bb581fe5","workflows_native/loc-hell-abyss-approach.api.json","de2f375fe7e3ad522fba4b5a9ff654fb5a985cfb7263ee0c14fe20d66056739e","Premiere316/locations/loc-hell-abyss-approach/loc-hell-abyss-approach"
"30","loc-hell-fortress","location","Locations","Hell's Fortress cathedral","Production Reference","2P39X1","2.39:1","2048×864","4096×1728","CI_STYLE_REF_01_GLOBAL_GOLDEN_LIGHT_PALETTE.png | CI_STYLE_REF_02_SMOKE_CAVE_EMBER_PALETTE.png | CI_STYLE_REF_03_FILMIC_SKIN_LINEN_TONALITY.png","30","4.0","1121102734709286050","workflows/loc-hell-fortress.api.json","25ed17c27b78e9f69d70523fa6692c91e0b8fb98269ccb680345271cbadfced8","workflows_native/loc-hell-fortress.api.json","a716f6560756257d2d9a3c42009f279ff4e7abcd30847dcf0504ffcd6b139c30","Premiere316/locations/loc-hell-fortress/loc-hell-fortress"
"31","loc-inner-chamber-dark","location","Locations","Hell's Inner Chamber, initial state","Production Reference","2P39X1","2.39:1","2048×864","4096×1728","CI_STYLE_REF_01_GLOBAL_GOLDEN_LIGHT_PALETTE.png | CI_STYLE_REF_02_SMOKE_CAVE_EMBER_PALETTE.png | CI_STYLE_REF_03_FILMIC_SKIN_LINEN_TONALITY.png","30","4.0","1120974281206537250","workflows/loc-inner-chamber-dark.api.json","026d30d4985580a1da1a42afa6275893350ea7fc3c70f8da3b665f3e39cc3af3","workflows_native/loc-inner-chamber-dark.api.json","b7f8e1db7eedbde6639c5147a9d1d5e53b482dcae3e51b131032a32121b158b5","Premiere316/locations/loc-inner-chamber-dark/loc-inner-chamber-dark"
"32","loc-inner-chamber-transformed","location","Locations","Hell's Inner Chamber, transformed state","Production Reference","2P39X1","2.39:1","2048×864","4096×1728","CI_STYLE_REF_01_GLOBAL_GOLDEN_LIGHT_PALETTE.png | CI_STYLE_REF_02_SMOKE_CAVE_EMBER_PALETTE.png | CI_STYLE_REF_03_FILMIC_SKIN_LINEN_TONALITY.png","30","4.0","985181139530901123","workflows/loc-inner-chamber-transformed.api.json","6a05703d925c95b934a3856a93361a55d866d3f21c9151280fdb8ffab2587d55","workflows_native/loc-inner-chamber-transformed.api.json","a27e4d0ecc2fdb80661c5a13e131279f2e5a11fdb1bf3ea8676c82965de80d99","Premiere316/locations/loc-inner-chamber-transformed/loc-inner-chamber-transformed"
"33","loc-staircase-of-light","location","Locations","Ascent staircase toward Heaven","Production Reference","2P39X1","2.39:1","2048×864","4096×1728","CI_STYLE_REF_01_GLOBAL_GOLDEN_LIGHT_PALETTE.png | CI_STYLE_REF_02_SMOKE_CAVE_EMBER_PALETTE.png | CI_STYLE_REF_03_FILMIC_SKIN_LINEN_TONALITY.png","30","4.0","753518403102318731","workflows/loc-staircase-of-light.api.json","8606e06c9ff59e01c2ec83b5640aa7b95370a2f0b3ab19877f066fa2dc44d1e6","workflows_native/loc-staircase-of-light.api.json","348a5e06272ef0f84b853b441283e2fd609a0e32be5372dab35462f5330c7eb2","Premiere316/locations/loc-staircase-of-light/loc-staircase-of-light"
"34","loc-desert-dawn","location","Locations","Earth desert at dawn","Production Reference","2P39X1","2.39:1","2048×864","4096×1728","CI_STYLE_REF_01_GLOBAL_GOLDEN_LIGHT_PALETTE.png | CI_STYLE_REF_02_SMOKE_CAVE_EMBER_PALETTE.png | CI_STYLE_REF_03_FILMIC_SKIN_LINEN_TONALITY.png","30","4.0","126271450293517235","workflows/loc-desert-dawn.api.json","679bb3ad2f24278e94b53ffdeff7aec81d2d9b93edc2a61b84c8e1bd2ac935f6","workflows_native/loc-desert-dawn.api.json","ddf61c6b0b4ef157d515c4fa0c3dc3fcd4d70e806a182d71edd322ef0430caff","Premiere316/locations/loc-desert-dawn/loc-desert-dawn"
"35","prop-hell-gate","artifact","Props & Artifacts","Fused iron-and-bone gate","Production Reference","2P39X1","2.39:1","2048×864","4096×1728","CI_STYLE_REF_01_GLOBAL_GOLDEN_LIGHT_PALETTE.png | CI_STYLE_REF_02_SMOKE_CAVE_EMBER_PALETTE.png | CI_STYLE_REF_03_FILMIC_SKIN_LINEN_TONALITY.png","32","4.0","358254803171525588","workflows/prop-hell-gate.api.json","fbebf7ea03dd05658b7e7ef5216cc37f3e792f804f8f5676ae9e7c54812bd05c","workflows_native/prop-hell-gate.api.json","eda68b4bb2825723ce237f61bb929c563190157f2a151bdaaa1b2de224aacb49","Premiere316/props-artifacts/prop-hell-gate/prop-hell-gate"
"36","prop-hell-chains","artifact","Props & Artifacts","Ancient binding chains","Production Reference","2P39X1","2.39:1","2048×864","4096×1728","CI_STYLE_REF_01_GLOBAL_GOLDEN_LIGHT_PALETTE.png | CI_STYLE_REF_02_SMOKE_CAVE_EMBER_PALETTE.png | CI_STYLE_REF_03_FILMIC_SKIN_LINEN_TONALITY.png","32","4.0","873007886570109410","workflows/prop-hell-chains.api.json","20ebca079fc3f61247c89113e0cf0b88e1c129f65def3a15bd1ad94a7371c7ef","workflows_native/prop-hell-chains.api.json","64a5d907c39ea389a952c892156f7be84d2a13f4f96a0628aac8dc6e9f2dee83","Premiere316/props-artifacts/prop-hell-chains/prop-hell-chains"
"37","prop-david-harp","artifact","Props & Artifacts","David's broken harp","Production Reference","4X3","4:3","2048×1536","4096×3072","CI_STYLE_REF_01_GLOBAL_GOLDEN_LIGHT_PALETTE.png | CI_STYLE_REF_02_SMOKE_CAVE_EMBER_PALETTE.png | CI_STYLE_REF_03_FILMIC_SKIN_LINEN_TONALITY.png","32","4.0","280694268856132567","workflows/prop-david-harp.api.json","190ee4888f6b13d2fb6b9ae327cce89e0b300d5ac36e4a238b4507f1b50cf343","workflows_native/prop-david-harp.api.json","73a21e8e54bf7fa8c21ab86a7ba688c4515c6248b606ada7de4feaa94092a925","Premiere316/props-artifacts/prop-david-harp/prop-david-harp"
"38","prop-guardian-spear","artifact","Props & Artifacts","Guardian spear","Production Reference","2X3_VERTICAL","2:3","1360×2048","2720×4096","CI_STYLE_REF_01_GLOBAL_GOLDEN_LIGHT_PALETTE.png | CI_STYLE_REF_02_SMOKE_CAVE_EMBER_PALETTE.png | CI_STYLE_REF_03_FILMIC_SKIN_LINEN_TONALITY.png","32","4.0","971676294605970707","workflows/prop-guardian-spear.api.json","62d588910f0376068d56eec22e86d9676b49580b4aa694ae89835fc254338805","workflows_native/prop-guardian-spear.api.json","1b0449f17e59b2b3ed2648741c89792d3bb2f24ba8f6bccd973d5d5420da8e63","Premiere316/props-artifacts/prop-guardian-spear/prop-guardian-spear"
"39","prop-guardian-sword","artifact","Props & Artifacts","Guardian Leader two-handed sword","Production Reference","2X3_VERTICAL","2:3","1360×2048","2720×4096","CI_STYLE_REF_01_GLOBAL_GOLDEN_LIGHT_PALETTE.png | CI_STYLE_REF_02_SMOKE_CAVE_EMBER_PALETTE.png | CI_STYLE_REF_03_FILMIC_SKIN_LINEN_TONALITY.png","32","4.0","185301966195021033","workflows/prop-guardian-sword.api.json","1a1ad209a0c6f0d95f4efe649ac093d20623d793599ab7287d539b725548a055","workflows_native/prop-guardian-sword.api.json","560a7be5ce9aab217fb9c88ce65886a2559918e82af08935cf4e810796f36fdc","Premiere316/props-artifacts/prop-guardian-sword/prop-guardian-sword"
"40","prop-blue-torches","artifact","Props & Artifacts","Blue-flame fortress torches","Production Reference","2X3_VERTICAL","2:3","1360×2048","2720×4096","CI_STYLE_REF_01_GLOBAL_GOLDEN_LIGHT_PALETTE.png | CI_STYLE_REF_02_SMOKE_CAVE_EMBER_PALETTE.png | CI_STYLE_REF_03_FILMIC_SKIN_LINEN_TONALITY.png","32","4.0","333487384983400399","workflows/prop-blue-torches.api.json","fd9652f71bdd0295f6c850d8eaff997b4a0034c175ff49c7cc4501a21d0d6ee6","workflows_native/prop-blue-torches.api.json","1af66460b96f39268b72632c6db11b9b38144f31034a779c3cdf0e4f1b8b0f73","Premiere316/props-artifacts/prop-blue-torches/prop-blue-torches"
"41","ward-jesus-robe","wardrobe","Wardrobe","Jesus white linen robe","Production Reference","4X3","4:3","2048×1536","4096×3072","CI_STYLE_REF_01_GLOBAL_GOLDEN_LIGHT_PALETTE.png | CI_STYLE_REF_02_SMOKE_CAVE_EMBER_PALETTE.png | CI_STYLE_REF_03_FILMIC_SKIN_LINEN_TONALITY.png | CI_STYLE_REF_04_IVORY_LINEN_BLOOD_MATERIAL_DETAIL_OPTIONAL.png | CI_STYLE_REF_06_CHARACTER_SHEET_ART_DIRECTION_OPTIONAL.png","32","4.0","273547476340817411","workflows/ward-jesus-robe.api.json","dc9f63b6454ecdd9f292432ff2f9acd40d76447de6b357de743ddce570b8aee3","workflows_native/ward-jesus-robe.api.json","d8cd5620b4281965a680edec309af9c0bb8d14782f5fd82047a1d8422b38ddba","Premiere316/wardrobe/ward-jesus-robe/ward-jesus-robe"
"42","ward-jesus-belt","wardrobe","Wardrobe","Leather cord belt","Production Reference","4X3","4:3","2048×1536","4096×3072","CI_STYLE_REF_01_GLOBAL_GOLDEN_LIGHT_PALETTE.png | CI_STYLE_REF_02_SMOKE_CAVE_EMBER_PALETTE.png | CI_STYLE_REF_03_FILMIC_SKIN_LINEN_TONALITY.png | CI_STYLE_REF_06_CHARACTER_SHEET_ART_DIRECTION_OPTIONAL.png","32","4.0","220280509865702563","workflows/ward-jesus-belt.api.json","8e83beee7bc18766598f29e2dd4289db31f5c71f24430a297caf2b4f2dc16bb0","workflows_native/ward-jesus-belt.api.json","181deb74513386a26d4e64ce32dcbd90e1795b3b7012e48056be3dc8dff8c765","Premiere316/wardrobe/ward-jesus-belt/ward-jesus-belt"
"43","ward-jesus-sandals","wardrobe","Wardrobe","Rough leather sandals","Production Reference","4X3","4:3","2048×1536","4096×3072","CI_STYLE_REF_01_GLOBAL_GOLDEN_LIGHT_PALETTE.png | CI_STYLE_REF_02_SMOKE_CAVE_EMBER_PALETTE.png | CI_STYLE_REF_03_FILMIC_SKIN_LINEN_TONALITY.png | CI_STYLE_REF_06_CHARACTER_SHEET_ART_DIRECTION_OPTIONAL.png","32","4.0","417575608068717579","workflows/ward-jesus-sandals.api.json","89882c18914e682da1085a5de00fbfdb0fb291a23b0bde70ce51883df0d911bb","workflows_native/ward-jesus-sandals.api.json","e991d5da5888556a02af1717b40f21da1ecc9221cffd61852b4856471b223fa8","Premiere316/wardrobe/ward-jesus-sandals/ward-jesus-sandals"
"44","ward-adam","wardrobe","Wardrobe","Rough-spun earth-tone garments","Production Reference","4X3","4:3","2048×1536","4096×3072","CI_STYLE_REF_01_GLOBAL_GOLDEN_LIGHT_PALETTE.png | CI_STYLE_REF_02_SMOKE_CAVE_EMBER_PALETTE.png | CI_STYLE_REF_03_FILMIC_SKIN_LINEN_TONALITY.png | CI_STYLE_REF_06_CHARACTER_SHEET_ART_DIRECTION_OPTIONAL.png","32","4.0","110674099883743524","workflows/ward-adam.api.json","776b4ec95b5a16a0f3118b4258f0fbb540268b4b78172b2030010c349ddd26e6","workflows_native/ward-adam.api.json","ecacce52f188d410d3adbbb8855db5f42ac631cf08cfcf28baa1474440bd84fb","Premiere316/wardrobe/ward-adam/ward-adam"
"45","ward-eve","wardrobe","Wardrobe","Muted earth-tone linen garments","Production Reference","4X3","4:3","2048×1536","4096×3072","CI_STYLE_REF_01_GLOBAL_GOLDEN_LIGHT_PALETTE.png | CI_STYLE_REF_02_SMOKE_CAVE_EMBER_PALETTE.png | CI_STYLE_REF_03_FILMIC_SKIN_LINEN_TONALITY.png | CI_STYLE_REF_06_CHARACTER_SHEET_ART_DIRECTION_OPTIONAL.png","32","4.0","425364097577022231","workflows/ward-eve.api.json","42dad3179915c94de1e0a5588a78237523eb619e84714515bd1afbcc24654780","workflows_native/ward-eve.api.json","9499edffbeca83ee562f8851efb8ebc73dedeb7e87719cc0c11dd30e5a4e93f7","Premiere316/wardrobe/ward-eve/ward-eve"
"46","ward-guardian-leader-armor","wardrobe","Wardrobe","Corroded black-iron armor and horned helmet","Production Reference","4X3","4:3","2048×1536","4096×3072","CI_STYLE_REF_01_GLOBAL_GOLDEN_LIGHT_PALETTE.png | CI_STYLE_REF_02_SMOKE_CAVE_EMBER_PALETTE.png | CI_STYLE_REF_03_FILMIC_SKIN_LINEN_TONALITY.png | CI_STYLE_REF_06_CHARACTER_SHEET_ART_DIRECTION_OPTIONAL.png","32","4.0","411379891584312353","workflows/ward-guardian-leader-armor.api.json","78a080a29c3219fbe6703789373c8874e91802d17f58784eae137031b0a5ae60","workflows_native/ward-guardian-leader-armor.api.json","b8bfe92bdfb5b5724e83e99fa5a55e24e4838a1e9744b222734524234641b7f5","Premiere316/wardrobe/ward-guardian-leader-armor/ward-guardian-leader-armor"
"47","ward-guardians","wardrobe","Wardrobe","Rank-and-file corroded armor variants","Production Reference","4X3","4:3","2048×1536","4096×3072","CI_STYLE_REF_01_GLOBAL_GOLDEN_LIGHT_PALETTE.png | CI_STYLE_REF_02_SMOKE_CAVE_EMBER_PALETTE.png | CI_STYLE_REF_03_FILMIC_SKIN_LINEN_TONALITY.png | CI_STYLE_REF_06_CHARACTER_SHEET_ART_DIRECTION_OPTIONAL.png","32","4.0","588317005399029382","workflows/ward-guardians.api.json","a2ce76f3bcff2c553f12d6b9640b2caa540179a494e5ed92d4000456e7c06df7","workflows_native/ward-guardians.api.json","bfa2a36873e0bf87045c6cf4a15194326019c469e1c5bef0e6dcec049214b4d1","Premiere316/wardrobe/ward-guardians/ward-guardians"
"48","ward-moses","wardrobe","Wardrobe","Natural-fiber shepherd garments","Production Reference","4X3","4:3","2048×1536","4096×3072","CI_STYLE_REF_01_GLOBAL_GOLDEN_LIGHT_PALETTE.png | CI_STYLE_REF_02_SMOKE_CAVE_EMBER_PALETTE.png | CI_STYLE_REF_03_FILMIC_SKIN_LINEN_TONALITY.png | CI_STYLE_REF_06_CHARACTER_SHEET_ART_DIRECTION_OPTIONAL.png","32","4.0","1082098505613670945","workflows/ward-moses.api.json","3a60ad27887b23145a74cc8db77542c4b849b59c863a69f078b89f91dae19917","workflows_native/ward-moses.api.json","0e74d992c69e8f1a02978b19ba652bd09ea35651a2c9187b74103858a6441308","Premiere316/wardrobe/ward-moses/ward-moses"
"49","ward-david","wardrobe","Wardrobe","Faded royal blue and gold-thread garments","Production Reference","4X3","4:3","2048×1536","4096×3072","CI_STYLE_REF_01_GLOBAL_GOLDEN_LIGHT_PALETTE.png | CI_STYLE_REF_02_SMOKE_CAVE_EMBER_PALETTE.png | CI_STYLE_REF_03_FILMIC_SKIN_LINEN_TONALITY.png | CI_STYLE_REF_06_CHARACTER_SHEET_ART_DIRECTION_OPTIONAL.png","32","4.0","469950043047170042","workflows/ward-david.api.json","bd2b857332601f283cc81bb3431c16ab5809bbc605ec3bd223be09c635a21182","workflows_native/ward-david.api.json","e50d9089b43ba9e62a7f28f76405608d2e325a57cc5ae340a809308a8862a0ea","Premiere316/wardrobe/ward-david/ward-david"
"50","ward-elijah","wardrobe","Wardrobe","Animal-skin prophetic garments","Production Reference","4X3","4:3","2048×1536","4096×3072","CI_STYLE_REF_01_GLOBAL_GOLDEN_LIGHT_PALETTE.png | CI_STYLE_REF_02_SMOKE_CAVE_EMBER_PALETTE.png | CI_STYLE_REF_03_FILMIC_SKIN_LINEN_TONALITY.png | CI_STYLE_REF_06_CHARACTER_SHEET_ART_DIRECTION_OPTIONAL.png","32","4.0","705339434707973300","workflows/ward-elijah.api.json","3d2afea598051958e3e0ba02f9d9842b1b414cf7b906ec4f8cc5234d7921deae","workflows_native/ward-elijah.api.json","aae002d9c97172ffcc1b772213de37e40105a00c357fa7dbc2ec2a49e0d669a2","Premiere316/wardrobe/ward-elijah/ward-elijah"
"51","ward-john-the-baptist","wardrobe","Wardrobe","Rough animal-skin garments","Production Reference","4X3","4:3","2048×1536","4096×3072","CI_STYLE_REF_01_GLOBAL_GOLDEN_LIGHT_PALETTE.png | CI_STYLE_REF_02_SMOKE_CAVE_EMBER_PALETTE.png | CI_STYLE_REF_03_FILMIC_SKIN_LINEN_TONALITY.png | CI_STYLE_REF_06_CHARACTER_SHEET_ART_DIRECTION_OPTIONAL.png","32","4.0","262335454039237294","workflows/ward-john-the-baptist.api.json","60ec376eb18d64d4ecbe23e1ae3470213699ce005b81971f11ae8a3d98ae5299","workflows_native/ward-john-the-baptist.api.json","e2a43e44b9d955d0b957fd5257fba35d3283f1c752f50162538eec84612cf31e","Premiere316/wardrobe/ward-john-the-baptist/ward-john-the-baptist"
"52","ward-souls","wardrobe","Wardrobe","Mournful prison garments for freed-soul crowd","Production Reference","4X3","4:3","2048×1536","4096×3072","CI_STYLE_REF_01_GLOBAL_GOLDEN_LIGHT_PALETTE.png | CI_STYLE_REF_02_SMOKE_CAVE_EMBER_PALETTE.png | CI_STYLE_REF_03_FILMIC_SKIN_LINEN_TONALITY.png | CI_STYLE_REF_06_CHARACTER_SHEET_ART_DIRECTION_OPTIONAL.png","32","4.0","415153829184401630","workflows/ward-souls.api.json","80ea007e18e2ed9c36af6c6c3e1206f5b0c014a4b6d180098a0fefd5f6ed7ac0","workflows_native/ward-souls.api.json","fb7b4fa8f378f8f749379d77f3ff3e6bc843a557ef2f7af604c083a5edc02477","Premiere316/wardrobe/ward-souls/ward-souls"
"53","extra-guardians","extra","Crowds & Creatures","Rank-and-file Guardians","Production Reference","2P39X1","2.39:1","2048×864","4096×1728","CI_STYLE_REF_01_GLOBAL_GOLDEN_LIGHT_PALETTE.png | CI_STYLE_REF_02_SMOKE_CAVE_EMBER_PALETTE.png | CI_STYLE_REF_03_FILMIC_SKIN_LINEN_TONALITY.png","30","4.0","1057898949567796188","workflows/extra-guardians.api.json","4ee1109e7765e5b984a9c303f8bf054ee55592b105eb8e1ddaa776f703c4af38","workflows_native/extra-guardians.api.json","b1c594a2d61f2ef2f90e8d3361f0f4430d8ecdc5917fc51a8135969f8e29f2a3","Premiere316/crowds-creatures/extra-guardians/extra-guardians"
"54","extra-righteous-souls","extra","Crowds & Creatures","Freed righteous souls","Production Reference","2P39X1","2.39:1","2048×864","4096×1728","CI_STYLE_REF_01_GLOBAL_GOLDEN_LIGHT_PALETTE.png | CI_STYLE_REF_02_SMOKE_CAVE_EMBER_PALETTE.png | CI_STYLE_REF_03_FILMIC_SKIN_LINEN_TONALITY.png","30","4.0","1082527455814977045","workflows/extra-righteous-souls.api.json","790d969bfb0cd504be3461b7e92324eec833dc3395776cf3445184f279ce3176","workflows_native/extra-righteous-souls.api.json","88a61715d3856cd385f15ae06fd436404a01b5e0e0f2d72889aa17e7feda929a","Premiere316/crowds-creatures/extra-righteous-souls/extra-righteous-souls"
"55","extra-wall-faces","extra","Crowds & Creatures","Ancient faces embedded in shaft walls","Production Reference","2P39X1","2.39:1","2048×864","4096×1728","CI_STYLE_REF_01_GLOBAL_GOLDEN_LIGHT_PALETTE.png | CI_STYLE_REF_02_SMOKE_CAVE_EMBER_PALETTE.png | CI_STYLE_REF_03_FILMIC_SKIN_LINEN_TONALITY.png","30","4.0","903061354775234125","workflows/extra-wall-faces.api.json","e53cf864381c89431c8d308afb16a9f65d0dc16465dc5edec5a5cfbb4d54dd9a","workflows_native/extra-wall-faces.api.json","226a476eab9f326ba66946bb7b9b20beb2b2b4fd1a0e37dd5904aca6369ee071","Premiere316/crowds-creatures/extra-wall-faces/extra-wall-faces"
"56","extra-gate-faces","extra","Crowds & Creatures","Damned faces carved into the gate","Production Reference","2P39X1","2.39:1","2048×864","4096×1728","CI_STYLE_REF_01_GLOBAL_GOLDEN_LIGHT_PALETTE.png | CI_STYLE_REF_02_SMOKE_CAVE_EMBER_PALETTE.png | CI_STYLE_REF_03_FILMIC_SKIN_LINEN_TONALITY.png","30","4.0","144524042627543898","workflows/extra-gate-faces.api.json","e5e7ba7aac6bdb322c9e76f8fa9d47fa5d9cccf143ba67bca1e6b711b8dc750e","workflows_native/extra-gate-faces.api.json","57b5bffeac9becc80efe8aad0ccebc203f6801cc09b37d940accd5c758f3b876","Premiere316/crowds-creatures/extra-gate-faces/extra-gate-faces"
"57","creature-white-dove","extra","Crowds & Creatures","White dove","Production Reference","2P39X1","2.39:1","2048×864","4096×1728","CI_STYLE_REF_01_GLOBAL_GOLDEN_LIGHT_PALETTE.png | CI_STYLE_REF_02_SMOKE_CAVE_EMBER_PALETTE.png | CI_STYLE_REF_03_FILMIC_SKIN_LINEN_TONALITY.png","30","4.0","948160277262394775","workflows/creature-white-dove.api.json","b0060063ef76a9efe1b31cbea5a3012a5aece5ecff6e24424c9dee755022feb5","workflows_native/creature-white-dove.api.json","f6295755e29ac8e91bd08c9b86a165994e3de3b46b1f8cd83ac92c86f1417679","Premiere316/crowds-creatures/creature-white-dove/creature-white-dove"
"58","fx-divine-light-rays","atmosphere","Atmosphere & VFX","FX-DIVINE-LIGHT-RAYS","Production Reference","2P39X1","2.39:1","2048×864","4096×1728","CI_STYLE_REF_01_GLOBAL_GOLDEN_LIGHT_PALETTE.png | CI_STYLE_REF_02_SMOKE_CAVE_EMBER_PALETTE.png | CI_STYLE_REF_03_FILMIC_SKIN_LINEN_TONALITY.png | CI_STYLE_REF_05_GOLD_VFX_GLOW_OPTIONAL.png","30","4.0","789092060231821816","workflows/fx-divine-light-rays.api.json","8f0de3dbf84de6b2999b63df2fb1983f2012326a4008bc56235f37b7e99dec7b","workflows_native/fx-divine-light-rays.api.json","cf52908282023819869000541c5a6ec41e6708a8a3c9881ca2fc89f2605efe05","Premiere316/atmosphere-vfx/fx-divine-light-rays/fx-divine-light-rays"
"59","fx-smoke-ash","atmosphere","Atmosphere & VFX","FX-SMOKE-ASH","Production Reference","2P39X1","2.39:1","2048×864","4096×1728","CI_STYLE_REF_01_GLOBAL_GOLDEN_LIGHT_PALETTE.png | CI_STYLE_REF_02_SMOKE_CAVE_EMBER_PALETTE.png | CI_STYLE_REF_03_FILMIC_SKIN_LINEN_TONALITY.png","30","4.0","602882440762729434","workflows/fx-smoke-ash.api.json","4c528db471c92eef02218e6144d157a44bb08629d89ba3ce287c18f73af5dfcf","workflows_native/fx-smoke-ash.api.json","f4c7180e8f95ac6829ad8db75ed6cf1abc1c4c779726501b2b9ec10c72fb8837","Premiere316/atmosphere-vfx/fx-smoke-ash/fx-smoke-ash"
"60","fx-gate-fragments","atmosphere","Atmosphere & VFX","FX-GATE-FRAGMENTS","Production Reference","2P39X1","2.39:1","2048×864","4096×1728","CI_STYLE_REF_01_GLOBAL_GOLDEN_LIGHT_PALETTE.png | CI_STYLE_REF_02_SMOKE_CAVE_EMBER_PALETTE.png | CI_STYLE_REF_03_FILMIC_SKIN_LINEN_TONALITY.png","30","4.0","1128408362419137467","workflows/fx-gate-fragments.api.json","cf7ebca35e7234553acce936c8c3ab9d735d2feaf0e4095da6722a0797dc60ea","workflows_native/fx-gate-fragments.api.json","942d88980d771bc2f45c63c8d38479504639e73cb1c15fbb374d0320303aee8f","Premiere316/atmosphere-vfx/fx-gate-fragments/fx-gate-fragments"
"61","fx-blue-flame","atmosphere","Atmosphere & VFX","FX-BLUE-FLAME","Production Reference","2P39X1","2.39:1","2048×864","4096×1728","CI_STYLE_REF_01_GLOBAL_GOLDEN_LIGHT_PALETTE.png | CI_STYLE_REF_02_SMOKE_CAVE_EMBER_PALETTE.png | CI_STYLE_REF_03_FILMIC_SKIN_LINEN_TONALITY.png","30","4.0","563418212386452247","workflows/fx-blue-flame.api.json","1e4f4beb11079d6c2823287830495a8d03821c0e6e993c3a64ad3adeac821c80","workflows_native/fx-blue-flame.api.json","6d1562274d556680d0509443b7de02a4ac4c388aeb7cf40aaad069d4e64dc9eb","Premiere316/atmosphere-vfx/fx-blue-flame/fx-blue-flame"
"62","fx-golden-fire","atmosphere","Atmosphere & VFX","FX-GOLDEN-FIRE","Production Reference","2P39X1","2.39:1","2048×864","4096×1728","CI_STYLE_REF_01_GLOBAL_GOLDEN_LIGHT_PALETTE.png | CI_STYLE_REF_02_SMOKE_CAVE_EMBER_PALETTE.png | CI_STYLE_REF_03_FILMIC_SKIN_LINEN_TONALITY.png | CI_STYLE_REF_05_GOLD_VFX_GLOW_OPTIONAL.png","30","4.0","427152879901134420","workflows/fx-golden-fire.api.json","5a7f5064ccfec170bf4f24e09e1c3e71ea2c7a603ea68ea092ac7c667b271236","workflows_native/fx-golden-fire.api.json","fd2024c5884964a37a0caabac7ee03595b2fe52fb1748253754f34b3ded6c8ec","Premiere316/atmosphere-vfx/fx-golden-fire/fx-golden-fire"
"63","fx-spear-to-ash","atmosphere","Atmosphere & VFX","FX-SPEAR-TO-ASH","Production Reference","2P39X1","2.39:1","2048×864","4096×1728","CI_STYLE_REF_01_GLOBAL_GOLDEN_LIGHT_PALETTE.png | CI_STYLE_REF_02_SMOKE_CAVE_EMBER_PALETTE.png | CI_STYLE_REF_03_FILMIC_SKIN_LINEN_TONALITY.png","30","4.0","816176766273184715","workflows/fx-spear-to-ash.api.json","af7b9c7694577046dc31db2471a59652a75928daa570e0d5a14580bb475afd9f","workflows_native/fx-spear-to-ash.api.json","f77fa508a0f90b76586f583ecf82fdf93994c5b1d11fe71f00bdbcac604d2812","Premiere316/atmosphere-vfx/fx-spear-to-ash/fx-spear-to-ash"
"64","fx-guardian-dissolution","atmosphere","Atmosphere & VFX","FX-GUARDIAN-DISSOLUTION","Production Reference","2P39X1","2.39:1","2048×864","4096×1728","CI_STYLE_REF_01_GLOBAL_GOLDEN_LIGHT_PALETTE.png | CI_STYLE_REF_02_SMOKE_CAVE_EMBER_PALETTE.png | CI_STYLE_REF_03_FILMIC_SKIN_LINEN_TONALITY.png","30","4.0","882488315900114080","workflows/fx-guardian-dissolution.api.json","0287a687763883a65687cef24feca143bb83fe423e92fdc4f12f9d8f769cfde6","workflows_native/fx-guardian-dissolution.api.json","42e53a0ba37f5e7aa559db62ed709b8cdfb0fe0b37cf5bf1754a44be225ef34f","Premiere316/atmosphere-vfx/fx-guardian-dissolution/fx-guardian-dissolution"
"65","fx-sword-shockwave","atmosphere","Atmosphere & VFX","FX-SWORD-SHOCKWAVE","Production Reference","2P39X1","2.39:1","2048×864","4096×1728","CI_STYLE_REF_01_GLOBAL_GOLDEN_LIGHT_PALETTE.png | CI_STYLE_REF_02_SMOKE_CAVE_EMBER_PALETTE.png | CI_STYLE_REF_03_FILMIC_SKIN_LINEN_TONALITY.png | CI_STYLE_REF_05_GOLD_VFX_GLOW_OPTIONAL.png","30","4.0","532008666398142694","workflows/fx-sword-shockwave.api.json","463663d59b9208a0b380dcfddf8d558f6fd684570ad1d575de6562a9eca343c8","workflows_native/fx-sword-shockwave.api.json","2c7eb95ffb2eb22e442e8a6b3cebd62744189cb9a9fbb5acf6ef2789b2d4c82c","Premiere316/atmosphere-vfx/fx-sword-shockwave/fx-sword-shockwave"
"66","fx-chains-mass-break","atmosphere","Atmosphere & VFX","FX-CHAINS-MASS-BREAK","Production Reference","2P39X1","2.39:1","2048×864","4096×1728","CI_STYLE_REF_01_GLOBAL_GOLDEN_LIGHT_PALETTE.png | CI_STYLE_REF_02_SMOKE_CAVE_EMBER_PALETTE.png | CI_STYLE_REF_03_FILMIC_SKIN_LINEN_TONALITY.png","30","4.0","843860186730203908","workflows/fx-chains-mass-break.api.json","2ebb9d4a2d2f8c2125c2b7bd7f081dbdefcc2303df253800e310adf1eb077cfe","workflows_native/fx-chains-mass-break.api.json","6df4a8d92988ddc1acbfabca230c3be8d5ee5b6cdefe38129d501ba5f8f924af","Premiere316/atmosphere-vfx/fx-chains-mass-break/fx-chains-mass-break"
"67","fx-stone-to-marble","atmosphere","Atmosphere & VFX","FX-STONE-TO-MARBLE","Production Reference","2P39X1","2.39:1","2048×864","4096×1728","CI_STYLE_REF_01_GLOBAL_GOLDEN_LIGHT_PALETTE.png | CI_STYLE_REF_02_SMOKE_CAVE_EMBER_PALETTE.png | CI_STYLE_REF_03_FILMIC_SKIN_LINEN_TONALITY.png | CI_STYLE_REF_05_GOLD_VFX_GLOW_OPTIONAL.png","30","4.0","890199763797064071","workflows/fx-stone-to-marble.api.json","467791aa3c6009631dc6248cd3b0fdca6f95ab0ab766dd1e2172cda97fab5f76","workflows_native/fx-stone-to-marble.api.json","53648734171528bbd32e714d0542e368a22c62250dd7bceace9c61055d5ddbf9","Premiere316/atmosphere-vfx/fx-stone-to-marble/fx-stone-to-marble"
