"Action","Kind","Source","Destination","Bytes","SHA256"
"Moved","Visual","C:\Users\Blokey\Downloads\1. LTX 2.3 All-In-One 2 260606-1.json","C:\ComfyUI\ComfyUI_Shared_Folders\workflows\Downloads Imported\Visual\1. LTX 2.3 All-In-One 2 260606-1.json","767316","D1A48CE243C218DF147294C1984DD209158A888B0FED92C8658424F544F05715"
"DeletedExactDuplicate","Visual","C:\Users\Blokey\Downloads\1. LTX 2.3 All-In-One 2 260606-1(1).json","C:\ComfyUI\ComfyUI_Shared_Folders\workflows\Downloads Imported\Visual\1. LTX 2.3 All-In-One 2 260606-1.json","767316","D1A48CE243C218DF147294C1984DD209158A888B0FED92C8658424F544F05715"
"Moved","Visual","C:\Users\Blokey\Downloads\1111111111111111111111BLOK4Y DISTILLED ltx.json","C:\ComfyUI\ComfyUI_Shared_Folders\workflows\Downloads Imported\Visual\1111111111111111111111BLOK4Y DISTILLED ltx.json","164851","E02352DBE43F859EC2DEA354B2EF300FD68B2102768AD145065893690DBF032E"
"DeletedExactDuplicate","Visual","C:\Users\Blokey\Downloads\2-Qwen3-TTS-VoiceDesign.workflow.json","C:\ComfyUI\ComfyUI_Shared_Folders\workflows\consolidated-2026-08-04\Documents\151bd58fae8b__qwen3-tts-voice.json","7186","7EF708500EE21B4504D925BE1D95A09D48B57B72412D2A483CB1B6DBCE031360"
"DeletedExactDuplicate","Visual","C:\Users\Blokey\Downloads\3xFASTERMinimaxH3Video_v10.json","C:\ComfyUI\ComfyUI_Shared_Folders\workflows\MiniMaxH3\3xFASTERMinimaxH3Video_v10.json","22644","8D78E1C39F3436397E51E9E1E4688BEAEA5B5AB07D0B17924A1FEAE77F368402"
"DeletedExactDuplicate","Visual","C:\Users\Blokey\Downloads\Acestep-v1-5-xl-Turbo-Text-to-Music.workflow.json","C:\ComfyUI\ComfyUI_Shared_Folders\workflows\consolidated-2026-08-04\Documents\4224e9faa3cc__acestep-music.json","17258","7EECE1C354BA6D06BB442898554B277F15D236829DB7EF55D125C1908BA41636"
"DeletedExactDuplicate","API","C:\Users\Blokey\Downloads\Blokey_Cineforge_Between_Frames_PuLID.api.json","C:\ComfyUI\ComfyUI_Shared_Folders\workflows\consolidated-2026-08-04\Documents\56467c690772__Blokey_Cineforge_Between_Frames_PuLID.api.json","3954","B892207CD8EF35FF3B447C2F6E72FEC447F63BFF489DC352755F94D79E021984"
"DeletedExactDuplicate","Visual","C:\Users\Blokey\Downloads\Blokey_Cineforge_Between_Frames_PuLID.workflow.json","C:\ComfyUI\ComfyUI_Shared_Folders\workflows\consolidated-2026-08-04\Documents\b9cce729e5b4__Blokey_Cineforge_Between_Frames_PuLID.workflow.json","11932","2974F597C466FFB8E2281A9AAD3C459B6B3A0E2DA819475DA8C71F1E8999FA83"
"Moved","Visual","C:\Users\Blokey\Downloads\Blokey_Director.json","C:\ComfyUI\ComfyUI_Shared_Folders\workflows\Downloads Imported\Visual\Blokey_Director.json","99898","E6B3037BB73BE184BCFD34F1F487112D50F78096E4590DA549913E2BB613958F"
"Moved","Visual","C:\Users\Blokey\Downloads\Blokey_LTX_Director_2_Distilled.workflow.json","C:\ComfyUI\ComfyUI_Shared_Folders\workflows\Downloads Imported\Visual\Blokey_LTX_Director_2_Distilled.workflow.json","86323","5C46657CD2EFC3F9D4FC597377398CB2DAB72759C784D5F903F0E367F7431727"
"Moved","Visual","C:\Users\Blokey\Downloads\Blokey_LTX_Director_2_Distilled.workflow(1).before-repair.json","C:\ComfyUI\ComfyUI_Shared_Folders\workflows\Downloads Imported\Visual\Blokey_LTX_Director_2_Distilled.workflow(1).before-repair.json","47286","5EA3AF854236363CE4C41A0989662633CFE762AB38E4517B07D0304CDBFE9EC3"
"Moved","Visual","C:\Users\Blokey\Downloads\Blokey_LTX_Director_2_Distilled.workflow(1).before-timing-repair.json","C:\ComfyUI\ComfyUI_Shared_Folders\workflows\Downloads Imported\Visual\Blokey_LTX_Director_2_Distilled.workflow(1).before-timing-repair.json","86596","2437F3D482F1761A20DD32B991E40B0A0FABD1CD5ACA56863D217BC6AF858FF1"
"Moved","Visual","C:\Users\Blokey\Downloads\Blokey_LTX_Director_2_Distilled.workflow(1).json","C:\ComfyUI\ComfyUI_Shared_Folders\workflows\Downloads Imported\Visual\Blokey_LTX_Director_2_Distilled.workflow(1).json","96002","892BC37DD0CF50FBD5D21E085E802145D16F131029CCDDCDD0B58898965D1216"
"Moved","Visual","C:\Users\Blokey\Downloads\bugged.json","C:\ComfyUI\ComfyUI_Shared_Folders\workflows\Downloads Imported\Visual\bugged.json","25782","4148BDFFAB87D9C8769519FF0B2ECDFBBEAB68300B684F38D53E9CE2CE129842"
"Moved","Visual","C:\Users\Blokey\Downloads\CI_FLUX2_Cinematic_Character_Sheet_MAX.json","C:\ComfyUI\ComfyUI_Shared_Folders\workflows\Downloads Imported\Visual\CI_FLUX2_Cinematic_Character_Sheet_MAX.json","36883","546075C095342D6AC6A0997B1C512B717C7B7E9CAD6DAD2856FD9203B577AECA"
"Moved","Visual","C:\Users\Blokey\Downloads\editblokey_cineforge_between_frames_basic_1280x720.json","C:\ComfyUI\ComfyUI_Shared_Folders\workflows\Downloads Imported\Visual\editblokey_cineforge_between_frames_basic_1280x720.json","20452","D0E00CE3A34BC9738CCE005EB8F613D77E2A3885A132DFD5B28BC6B14180CF6B"
"DeletedExactDuplicate","Visual","C:\Users\Blokey\Downloads\editblokey_cineforge_between_frames_basic.json","C:\ComfyUI\ComfyUI_Shared_Folders\workflows\consolidated-2026-08-04\Documents\b9cce729e5b4__Blokey_Cineforge_Between_Frames_PuLID.workflow.json","11932","2974F597C466FFB8E2281A9AAD3C459B6B3A0E2DA819475DA8C71F1E8999FA83"
"DeletedExactDuplicate","API","C:\Users\Blokey\Downloads\editblokey_cineforge_between_frames_basic(1).json","C:\ComfyUI\ComfyUI_Shared_Folders\workflows\consolidated-2026-08-04\Documents\56467c690772__Blokey_Cineforge_Between_Frames_PuLID.api.json","3954","B892207CD8EF35FF3B447C2F6E72FEC447F63BFF489DC352755F94D79E021984"
"Moved","Visual","C:\Users\Blokey\Downloads\editharrowing_of_hell__frame-h01-s02-c01-first.json","C:\ComfyUI\ComfyUI_Shared_Folders\workflows\Downloads Imported\Visual\editharrowing_of_hell__frame-h01-s02-c01-first.json","68443","AE7412E274E0A0ECC93697E606BB0C93E5BA730AEECE600C6E101E29F8EAC78A"
"Moved","Visual","C:\Users\Blokey\Downloads\editharrowing_of_hell__frame-h01-s02-c01-first(1).json","C:\ComfyUI\ComfyUI_Shared_Folders\workflows\Downloads Imported\Visual\editharrowing_of_hell__frame-h01-s02-c01-first(1).json","102962","12F7B64DD1D2326FA67448D8A1EB133B8669B9A1598EC007331FDE944DDADA89"
"Moved","Visual","C:\Users\Blokey\Downloads\editImage to Video (LTX-2.3).BEFORE_ACTOR_RETENTION.json","C:\ComfyUI\ComfyUI_Shared_Folders\workflows\Downloads Imported\Visual\editImage to Video (LTX-2.3).BEFORE_ACTOR_RETENTION.json","117375","35079A26ECA3735812C2B3DC25BCBCA7D842AAB3E9468B0733226173EB036D93"
"Moved","Visual","C:\Users\Blokey\Downloads\editImage to Video (LTX-2.3).BEFORE_IC_IDENTITY.json","C:\ComfyUI\ComfyUI_Shared_Folders\workflows\Downloads Imported\Visual\editImage to Video (LTX-2.3).BEFORE_IC_IDENTITY.json","125071","A858A04E1433CFF344FB76EBB437B594AD9947379241BA26AD0966CFBA64B54B"
"Moved","Visual","C:\Users\Blokey\Downloads\editImage to Video (LTX-2.3).IC_IDENTITY_LOCK.json","C:\ComfyUI\ComfyUI_Shared_Folders\workflows\Downloads Imported\Visual\editImage to Video (LTX-2.3).IC_IDENTITY_LOCK.json","140180","E3383DEA6638494F2C31E61CD5E9099C4BDA2A374ACB5EC5F15331A2E4535C99"
"DeletedExactDuplicate","Visual","C:\Users\Blokey\Downloads\editImage to Video (LTX-2.3).json","C:\ComfyUI\ComfyUI_Shared_Folders\workflows\Downloads Imported\Visual\editImage to Video (LTX-2.3).IC_IDENTITY_LOCK.json","140180","E3383DEA6638494F2C31E61CD5E9099C4BDA2A374ACB5EC5F15331A2E4535C99"
"DeletedExactDuplicate","Visual","C:\Users\Blokey\Downloads\editImage to Video (LTX-2.3).MAX_ACTOR_RETENTION.json","C:\ComfyUI\ComfyUI_Shared_Folders\workflows\Downloads Imported\Visual\editImage to Video (LTX-2.3).BEFORE_IC_IDENTITY.json","125071","A858A04E1433CFF344FB76EBB437B594AD9947379241BA26AD0966CFBA64B54B"
"Moved","Visual","C:\Users\Blokey\Downloads\edut3u. Krea 2 Text to Image + Extra Pass + Prompt Enhancer (Uncensored).json","C:\ComfyUI\ComfyUI_Shared_Folders\workflows\Downloads Imported\Visual\edut3u. Krea 2 Text to Image + Extra Pass + Prompt Enhancer (Uncensored).json","20523","6EF674206CC94FCC8ADF43E4CE9A26E66D13F4F769EBDB59C5D6954791B8BDF5"
"Moved","Visual","C:\Users\Blokey\Downloads\fix for max actor retention, please look at all the loras and nodes in sineforge's workflow library and apply it here.json","C:\ComfyUI\ComfyUI_Shared_Folders\workflows\Downloads Imported\Visual\fix for max actor retention, please look at all the loras and nodes in sineforge's workflow library and apply it here.json","131690","E0BFC8DC744F8A2295AE098F1A67A83F2B785C6B085CB130222A74E552CF6EB9"
"DeletedExactDuplicate","Visual","C:\Users\Blokey\Downloads\fix for max actor retention, please look at all the loras and nodes in sineforge's workflow library and apply it here.pre-max-actor-retention-20260808-204650.backup.json","C:\ComfyUI\ComfyUI_Shared_Folders\workflows\Downloads Imported\Visual\editImage to Video (LTX-2.3).BEFORE_ACTOR_RETENTION.json","117375","35079A26ECA3735812C2B3DC25BCBCA7D842AAB3E9468B0733226173EB036D93"
"DeletedExactDuplicate","Visual","C:\Users\Blokey\Downloads\fix pls.json","C:\ComfyUI\ComfyUI_Shared_Folders\workflows\consolidated-2026-08-04\Documents\7fed6878d339__krea2-faceid.json","21589","48F6A3DD9B57CC71C8D6C8669116985F9773F401F7760132A0D4F8787B034977"
"DeletedExactDuplicate","Visual","C:\Users\Blokey\Downloads\fix_pls_FIXED.json","C:\ComfyUI\ComfyUI_Shared_Folders\workflows\consolidated-2026-08-04\Documents\7fed6878d339__krea2-faceid.json","21589","48F6A3DD9B57CC71C8D6C8669116985F9773F401F7760132A0D4F8787B034977"
"Moved","Visual","C:\Users\Blokey\Downloads\fix_pls_FIXED(1).json","C:\ComfyUI\ComfyUI_Shared_Folders\workflows\Downloads Imported\Visual\fix_pls_FIXED(1).json","25464","643DFAD7356087DC6BE4899DDCECE4E0A8DBDB995A60D6F0C3A9BE71241065D6"
"Moved","Visual","C:\Users\Blokey\Downloads\fix_pls_FIXED(1)(1).json","C:\ComfyUI\ComfyUI_Shared_Folders\workflows\Downloads Imported\Visual\fix_pls_FIXED(1)(1).json","25604","58C6C4C6FC2A42A39F81A18B6E8157C8D26E1186411DC2C3FFFE778CD06DA4BA"
"DeletedExactDuplicate","Visual","C:\Users\Blokey\Downloads\fix_pls_FULL_FRAME_FIXED.json","C:\ComfyUI\ComfyUI_Shared_Folders\workflows\consolidated-2026-08-04\Documents\eb6ae73c45d7__fix_pls_FULL_FRAME_FIXED.workflow.json","25663","CC0293405462FBB6838770DF8789B95BA32467960907FE3305BA468E1474B975"
"DeletedExactDuplicate","Visual","C:\Users\Blokey\Downloads\fix_pls_IDENTITY_LORA_FIXED_V2.json","C:\ComfyUI\ComfyUI_Shared_Folders\workflows\consolidated-2026-08-04\Documents\b2495ea79567__fix_pls_IDENTITY_LORA_FIXED_V2.workflow.json","25898","41DD357324226C3C038D81F080682D659DAEA1A9FD1DDD66A271EA9426909F4C"
"DeletedExactDuplicate","Visual","C:\Users\Blokey\Downloads\fix_pls_IDENTITY_LORA_FIXED.json","C:\ComfyUI\ComfyUI_Shared_Folders\workflows\consolidated-2026-08-04\Documents\67ee5e07f519__fix_pls_IDENTITY_LORA_FIXED.workflow.json","25873","A0EACCAC26E46B7A4EE83FA12D400E78786E36B9B7F59E59E0D79076EC491FEF"
"DeletedExactDuplicate","Visual","C:\Users\Blokey\Downloads\fix_pls_KREA2_NATIVE_IDENTITY_V3.json","C:\ComfyUI\ComfyUI_Shared_Folders\workflows\consolidated-2026-08-04\Documents\7c3d02a19990__fix_pls_KREA2_NATIVE_IDENTITY_V3.workflow.json","41155","37E0EC9CE3E2DB711F319C4CF7B6D1C552C2DF99509050543B3F89FC1A7439CD"
"Moved","API","C:\Users\Blokey\Downloads\FlashVSR_UltraFast_2x_Video_Upscale.api.json","C:\ComfyUI\ComfyUI_Shared_Folders\workflows\Downloads Imported\API\FlashVSR_UltraFast_2x_Video_Upscale.api.json","1799","FBBFADC5FDFC9307401A6DF486C955F1D8B392181D1505D59DE9B09115249D65"
"Moved","Visual","C:\Users\Blokey\Downloads\FlashVSR_UltraFast_2x_Video_Upscale.json","C:\ComfyUI\ComfyUI_Shared_Folders\workflows\Downloads Imported\Visual\FlashVSR_UltraFast_2x_Video_Upscale.json","12558","423CCE711BF3E8785E59186E821A488513E35B03B725E9B16B080C8E3131AE78"
"Moved","Visual","C:\Users\Blokey\Downloads\GARDEN.json","C:\ComfyUI\ComfyUI_Shared_Folders\workflows\Downloads Imported\Visual\GARDEN.json","163095","24C5060DFBD35075992C8B207A686C9675A423A31F0931F7E0697CDD409AD86F"
"Moved","Visual","C:\Users\Blokey\Downloads\H01-S02-C01_first_00022_.json","C:\ComfyUI\ComfyUI_Shared_Folders\workflows\Downloads Imported\Visual\H01-S02-C01_first_00022_.json","113829","4C6AFB956CF2AA2D446B0FD54E766B8479374813AC5A147F8EA59702067F056E"
"Moved","Visual","C:\Users\Blokey\Downloads\harrowing_of_hell__frame-h01-s01-c01-first.json","C:\ComfyUI\ComfyUI_Shared_Folders\workflows\Downloads Imported\Visual\harrowing_of_hell__frame-h01-s01-c01-first.json","61209","2058A22825B28B42B6EC2451839BD6EB99D241C63C5C87626BEDF2618F2F3890"
"Moved","Visual","C:\Users\Blokey\Downloads\harrowing_of_hell__frame-h01-s01-c01-first(1).json","C:\ComfyUI\ComfyUI_Shared_Folders\workflows\Downloads Imported\Visual\harrowing_of_hell__frame-h01-s01-c01-first(1).json","60971","8FF5D699401AE40775CBE39DC723AA576346FAAA6062F7DD946BCAC5E5F79A7B"
"Moved","Visual","C:\Users\Blokey\Downloads\harrowing_of_hell__frame-h01-s02-c01-first.json","C:\ComfyUI\ComfyUI_Shared_Folders\workflows\Downloads Imported\Visual\harrowing_of_hell__frame-h01-s02-c01-first.json","64379","3A9CB63258A7B5F12715F5D3E61DF1FEFB0EB9F0F6831023687C62467D4DAC2F"
"Moved","Visual","C:\Users\Blokey\Downloads\harrowing_of_hell__frame-segment-h01-s01-c01-02.json","C:\ComfyUI\ComfyUI_Shared_Folders\workflows\Downloads Imported\Visual\harrowing_of_hell__frame-segment-h01-s01-c01-02.json","93825","469F2B852B57BCC8F26DAAAA490E31596832EC4E69B34B6CDC0BDD108E956DEB"
"Moved","Visual","C:\Users\Blokey\Downloads\Image-Composer-Pixaroma-Workflow.workflow.json","C:\ComfyUI\ComfyUI_Shared_Folders\workflows\Downloads Imported\Visual\Image-Composer-Pixaroma-Workflow.workflow.json","1931","2434ABA06028D0F6035D643A1FC72F6ECF54EC02D10F35D7B61158781324DBEB"
"Moved","Visual","C:\Users\Blokey\Downloads\Krea 2 Text to Image + Extra Pass + Prompt Enhancer.json","C:\ComfyUI\ComfyUI_Shared_Folders\workflows\Downloads Imported\Visual\Krea 2 Text to Image + Extra Pass + Prompt Enhancer.json","26499","531D5E9FEEB24D1A0A1BECCB2B00090B9968EDA2FF12BFFD66B6616301B0EAD8"
"Moved","Visual","C:\Users\Blokey\Downloads\krea_ingredients.json","C:\ComfyUI\ComfyUI_Shared_Folders\workflows\Downloads Imported\Visual\krea_ingredients.json","41183","0F412B86A20F777E71FFF0ABC866A25A6AC47E76EF1C9F15357F5C624DE58A3B"
"DeletedExactDuplicate","Visual","C:\Users\Blokey\Downloads\Krea-2-Character-Ingredients-Sheet-High-Resolution-Local-Models.workflow.json","C:\ComfyUI\ComfyUI_Shared_Folders\workflows\consolidated-2026-08-04\Documents\147753013fbb__character-ingredients.json","45057","6679E032A515F7FA419E8CDCE9D89FDAD63B4D9488FC00FE5D770C6101E79D1E"
"Moved","Visual","C:\Users\Blokey\Downloads\krea2_clothes_off_00008_.json","C:\ComfyUI\ComfyUI_Shared_Folders\workflows\Downloads Imported\Visual\krea2_clothes_off_00008_.json","20518","54814C17F16698572BB8A70CF6721F95C1E466D1F5E1176D573655793091AE87"
"Moved","API","C:\Users\Blokey\Downloads\Krea2_ClothesOff_IdentityLock.api.json","C:\ComfyUI\ComfyUI_Shared_Folders\workflows\Downloads Imported\API\Krea2_ClothesOff_IdentityLock.api.json","3002","08FCBBB8E31364F342DB7BD38E8A83B636F046AD1765BBB7203012C535F618EA"
"DeletedExactDuplicate","Visual","C:\Users\Blokey\Downloads\Krea2_ClothesOff_IdentityLock.json","C:\ComfyUI\ComfyUI_Shared_Folders\workflows\Krea2_ClothesOff_NoPulID.json","16240","C15DD94D5E9027E3030D1869DDAF306AA9DF582C34FA6F570594570F542495EF"
"DeletedExactDuplicate","Visual","C:\Users\Blokey\Downloads\Krea2_ClothesOff_NoPulID.json","C:\ComfyUI\ComfyUI_Shared_Folders\workflows\Krea2_ClothesOff_NoPulID.json","16240","C15DD94D5E9027E3030D1869DDAF306AA9DF582C34FA6F570594570F542495EF"
"Moved","Visual","C:\Users\Blokey\Downloads\krea2-character-consistency-workflow.json","C:\ComfyUI\ComfyUI_Shared_Folders\workflows\Downloads Imported\Visual\krea2-character-consistency-workflow.json","15512","8F34FA58A432C8F8F27B4BFF045379A38457A9C76D7D14168D0C47CEFDC9AA82"
"Moved","Visual","C:\Users\Blokey\Downloads\krea2SimpleWorkflowNSFW_v31.json","C:\ComfyUI\ComfyUI_Shared_Folders\workflows\Downloads Imported\Visual\krea2SimpleWorkflowNSFW_v31.json","72861","89DC39B6D184D64C2943E67E9C99BA9F3EEEEF8DBC4DA7C5059E08B88F22DD28"
"DeletedExactDuplicate","Visual","C:\Users\Blokey\Downloads\LTX_Director_2_Distilled.workflow.json","C:\ComfyUI\ComfyUI_Shared_Folders\workflows\consolidated-2026-08-04\Documents\68f3b5c3db0e__ltx-director-full.json","64844","9D5BA42E026BD56BCADDFD010CF04443C46C15FA0D49D7DB0C35AFAA97F3046A"
"Moved","API","C:\Users\Blokey\Downloads\LTX_Director_2_Distilled.workflow(1).json","C:\ComfyUI\ComfyUI_Shared_Folders\workflows\Downloads Imported\API\LTX_Director_2_Distilled.workflow(1).json","31924","F0B979F484B7CA45012473A2EFE75B0B6DD374777F423232C910760C9621EB35"
"Moved","API","C:\Users\Blokey\Downloads\LTX-Director-2-Distilled-Timeline.api.json","C:\ComfyUI\ComfyUI_Shared_Folders\workflows\Downloads Imported\API\LTX-Director-2-Distilled-Timeline.api.json","13783","F96305C996F8466DF5DCFEEB4EAE8F45FEE4215470A58FC79EA9C402D422BC5C"
"DeletedExactDuplicate","API","C:\Users\Blokey\Downloads\LTX-Director-2-Distilled-Timeline.api(1).json","C:\ComfyUI\ComfyUI_Shared_Folders\workflows\consolidated-2026-08-04\Documents\08f4fd90cc59__LTX-Director-2-Distilled-Timeline.api.json","10423","1AA7D4F2FA7C06E07D4ECB933DF17C7B62FC6CCA5BB5A7D55946977155F7D068"
"Moved","API","C:\Users\Blokey\Downloads\LTX-Director-2-Distilled-Timeline.FIXED.api.json","C:\ComfyUI\ComfyUI_Shared_Folders\workflows\Downloads Imported\API\LTX-Director-2-Distilled-Timeline.FIXED.api.json","11546","C4983DFCB697E4C1D67D3D3E3C03F5C9021C4E37052C088BDA59FF8286169F7F"
"DeletedExactDuplicate","Visual","C:\Users\Blokey\Downloads\LTX-Director-2-Distilled-Timeline.INGREDIENTS.FILLED.api (2).json","C:\ComfyUI\ComfyUI_Shared_Folders\workflows\consolidated-2026-08-04\Documents\745a230ef946__ltx-director-clip.json","86936","C7907F47706779ED687EE6E595AA881AEE04783E1F4DBA8A60A67EA5347F9897"
"Moved","Visual","C:\Users\Blokey\Downloads\LTX+Director-i2v-prompt_replay-fixed.json","C:\ComfyUI\ComfyUI_Shared_Folders\workflows\Downloads Imported\Visual\LTX+Director-i2v-prompt_replay-fixed.json","47851","4149B06201BCD976F18F9107A29F00DB0CF15AEC5E9252A38C6F70C00E992EF3"
"Moved","Visual","C:\Users\Blokey\Downloads\LTX+Director-i2v-prompt_replay-fixed(1).json","C:\ComfyUI\ComfyUI_Shared_Folders\workflows\Downloads Imported\Visual\LTX+Director-i2v-prompt_replay-fixed(1).json","73014","F4F6F12EBCD167789246E825D82189845306EC1D1EC444C111AEE6A456F52D4A"
"Moved","Visual","C:\Users\Blokey\Downloads\Minimax H3 - Reference Three Images.json","C:\ComfyUI\ComfyUI_Shared_Folders\workflows\Downloads Imported\Visual\Minimax H3 - Reference Three Images.json","29952","8DDCD65AED0E62864D0B3EAACD67B8EF98D6BA25085E163322069920849855DB"
"Moved","Visual","C:\Users\Blokey\Downloads\minimaxH34STEPSTURBO_v3FINAL.json","C:\ComfyUI\ComfyUI_Shared_Folders\workflows\Downloads Imported\Visual\minimaxH34STEPSTURBO_v3FINAL.json","67419","CE69071A116F604C122FE47A5C8F2657828D056C9BB079C00E1574CBB13B6601"
"DeletedExactDuplicate","Visual","C:\Users\Blokey\Downloads\minimaxH3EZSageattEasycache_v2ITVRTV.json","C:\ComfyUI\ComfyUI_Shared_Folders\workflows\MiniMaxH3\minimaxH3EZSageattEasycache_v2ITVRTV.json","169948","6F7EBCA1A6698FC381707BE81A38A5D7A9BE38109BB209230FAEE811A9B033C6"
"Moved","Visual","C:\Users\Blokey\Downloads\minimaxH3EZTurboOptimal_v32REMADE.json","C:\ComfyUI\ComfyUI_Shared_Folders\workflows\Downloads Imported\Visual\minimaxH3EZTurboOptimal_v32REMADE.json","145638","2D02D2F5D6763D77EC24A531930978AF95A276157423B386FBAAA4864678021E"
"DeletedExactDuplicate","Visual","C:\Users\Blokey\Downloads\minimaxH3FastestWorkflow_v30 (1).json","C:\ComfyUI\ComfyUI_Shared_Folders\workflows\MiniMaxH3\minimaxH3FastestWorkflow_v30 1.json","68906","6195D3106252852510C19F009D0E72E7F489D47F5266A2738BACED1A6735755B"
"DeletedExactDuplicate","Visual","C:\Users\Blokey\Downloads\minimaxH3FastestWorkflow_v30.json","C:\ComfyUI\ComfyUI_Shared_Folders\workflows\MiniMaxH3\minimaxH3FastestWorkflow_v30 1.json","68906","6195D3106252852510C19F009D0E72E7F489D47F5266A2738BACED1A6735755B"
"DeletedExactDuplicate","Visual","C:\Users\Blokey\Downloads\minimaxH3T2VI2VREF2VAdvanced_v15.json","C:\ComfyUI\ComfyUI_Shared_Folders\workflows\MiniMaxH3\minimaxH3T2VI2VREF2VAdvanced_v15.json","85308","B3ED66F69B7F71E9209AFF8EEA71F9FC9B92CAEB000B94552FD5DFCB93206042"
"DeletedExactDuplicate","Visual","C:\Users\Blokey\Downloads\plaguekindMinimaxH3LTX23Workflow_ltxV70.json","C:\ComfyUI\ComfyUI_Shared_Folders\workflows\MiniMaxH3\plaguekindMinimaxH3LTX23Workflow_ltxV70.json","78904","0A0A13BCEEAB3AC6318D1EDCE26DBF8D886F0B4F75D7121764D6B89533EB69EE"
"Moved","API","C:\Users\Blokey\Downloads\please fix drector.json","C:\ComfyUI\ComfyUI_Shared_Folders\workflows\Downloads Imported\API\please fix drector.json","10446","A355255320573195C080489D59F8196E2FD073580BE1ECD053C15B87DF145520"
"Moved","Visual","C:\Users\Blokey\Downloads\Qwen3_TTS_ComfyUI_Library_Workflow.json","C:\ComfyUI\ComfyUI_Shared_Folders\workflows\Downloads Imported\Visual\Qwen3_TTS_ComfyUI_Library_Workflow.json","23217","7B9B1DD374EA8EFACE4B33D3E6BE8D39A9D3534FE252F0F626AF0BEA01A850B8"
"DeletedExactDuplicate","API","C:\Users\Blokey\Downloads\template.LTX_Director_2_Distilled.workflow.json","C:\ComfyUI\ComfyUI_Shared_Folders\workflows\consolidated-2026-08-04\Documents\fc5cb521fa9e__ltx-director-2-distilled.template.json","31930","0BF16CB6EF5275D7C5EDD2B1A681C596C6F8B867619C597E3551317AB682D14E"
"Moved","Visual","C:\Users\Blokey\Downloads\workflow-qwen-image-edit-plus.json","C:\ComfyUI\ComfyUI_Shared_Folders\workflows\Downloads Imported\Visual\workflow-qwen-image-edit-plus.json","12745","CB8F138211A3CE194EF832F77C88BA846D591DE550D602884B09DCC75228CBC3"
