"Action","FullName","Length","LastWriteTime"
"deleted-ltx23-non-gguf","C:\ComfyUI\ComfyUI_Shared_Folders\models\checkpoints\ltx2\ltx2310eros_v1.safetensors","46139885510","8/8/2026 7:57:10 PM"
"deleted-ltx23-non-gguf","C:\ComfyUI\ComfyUI_Shared_Folders\models\checkpoints\ltx2\ltx2310eros_v14.safetensors","29161843630","8/2/2026 1:13:59 PM"
"deleted-ltx23-non-gguf","C:\ComfyUI\ComfyUI_Shared_Folders\models\checkpoints\LTX23_audio_vae_bf16.safetensors","364855188","7/28/2026 4:57:01 AM"
"deleted-ltx23-non-gguf","C:\ComfyUI\ComfyUI_Shared_Folders\models\diffusion_models\_from_downloads\dark_video_ltx2-3_1_0.safetensors","674250776","8/7/2026 10:51:21 PM"
"deleted-ltx23-non-gguf","C:\ComfyUI\ComfyUI_Shared_Folders\models\diffusion_models\LTX\2.3\Director\ltx-2.3-22b-distilled-1.1_transformer_only_fp8_scaled.safetensors","25226571988","7/31/2026 9:54:55 PM"
"deleted-ltx23-non-gguf","C:\ComfyUI\ComfyUI_Shared_Folders\models\latent_upscale_models\ltx-2.3-spatial-upscaler-x2-1.1.safetensors","995743560","7/31/2026 9:47:13 PM"
"deleted-ltx23-non-gguf","C:\ComfyUI\ComfyUI_Shared_Folders\models\latent_upscale_models\ltx-2.3-temporal-upscaler-x2-1.0.safetensors","261944000","7/30/2026 1:12:52 PM"
"deleted-ltx23-non-gguf","C:\ComfyUI\ComfyUI_Shared_Folders\models\latent_upscale_models\LTX\2.3\ltx-2.3-spatial-upscaler-x1.5-1.0.safetensors","1090125794","7/30/2026 1:13:15 PM"
"deleted-ltx23-non-gguf","C:\ComfyUI\ComfyUI_Shared_Folders\models\latent_upscale_models\LTX\2.3\ltx-2.3-temporal-upscaler-x2-1.0.safetensors","261944000","7/30/2026 1:12:52 PM"
"deleted-ltx23-non-gguf","C:\ComfyUI\ComfyUI_Shared_Folders\models\loras\LTX\2.3\Community\Camera\ltx-2.3-lora-camera-controls.safetensors","337361064","7/30/2026 1:12:13 PM"
"deleted-ltx23-non-gguf","C:\ComfyUI\ComfyUI_Shared_Folders\models\loras\LTX\2.3\Community\Camera\LTX2.3-22B_IC-LoRA-Cameraman_v2_14000.safetensors","654443424","7/30/2026 1:12:34 PM"
"deleted-ltx23-non-gguf","C:\ComfyUI\ComfyUI_Shared_Folders\models\loras\LTX\2.3\Community\Camera\LTX2.3-22B_IC-LoRA-CrossView-Prompt_v0.9_13700.safetensors","100767456","7/30/2026 1:33:06 PM"
"deleted-ltx23-non-gguf","C:\ComfyUI\ComfyUI_Shared_Folders\models\loras\LTX\2.3\Community\Camera\LTX2.3-22B_IC-LoRA-CrossView-Warp_v0.9_18000.safetensors","201431592","7/30/2026 1:12:42 PM"
"deleted-ltx23-non-gguf","C:\ComfyUI\ComfyUI_Shared_Folders\models\loras\LTX\2.3\Community\Motion\realisdance_ltx2.3_ic-lora_step_02000.safetensors","327287384","7/30/2026 1:33:16 PM"
"deleted-ltx23-non-gguf","C:\ComfyUI\ComfyUI_Shared_Folders\models\loras\LTX\2.3\Custom\licking_massage\licking_massage_ltx23-step00000010.comfy.safetensors","616951112","5/31/2026 3:00:33 PM"
"deleted-ltx23-non-gguf","C:\ComfyUI\ComfyUI_Shared_Folders\models\loras\LTX\2.3\Custom\licking_massage\licking_massage_ltx23-step00000010.safetensors","617131872","5/31/2026 3:00:32 PM"
"deleted-ltx23-non-gguf","C:\ComfyUI\ComfyUI_Shared_Folders\models\loras\LTX\2.3\Custom\licking_massage\licking_massage_ltx23.comfy.safetensors","616951112","5/31/2026 3:00:43 PM"
"deleted-ltx23-non-gguf","C:\ComfyUI\ComfyUI_Shared_Folders\models\loras\LTX\2.3\Custom\licking_massage\licking_massage_ltx23.safetensors","617131872","5/31/2026 3:00:42 PM"
"deleted-ltx23-non-gguf","C:\ComfyUI\ComfyUI_Shared_Folders\models\loras\LTX\2.3\DR34ML4Y_LT3X_V3.safetensors","1940553800","7/28/2026 2:17:33 AM"
"deleted-ltx23-non-gguf","C:\ComfyUI\ComfyUI_Shared_Folders\models\loras\LTX\2.3\epic_cumshots-V1-LTX_2_3-CUMSH0T.safetensors","428150680","8/8/2026 6:49:55 PM"
"deleted-ltx23-non-gguf","C:\ComfyUI\ComfyUI_Shared_Folders\models\loras\LTX\2.3\IC-LoRA\ltx-2.3-IC-LoRA-ABERCROM-ME_coachbate_v3_02000.safetensors","402758720","7/28/2026 4:46:41 AM"
"deleted-ltx23-non-gguf","C:\ComfyUI\ComfyUI_Shared_Folders\models\loras\LTX\2.3\ID-LoRA\id-lora-talkvid-ltx2.3.safetensors","1157884304","8/11/2026 10:32:09 PM"
"deleted-ltx23-non-gguf","C:\ComfyUI\ComfyUI_Shared_Folders\models\loras\LTX\2.3\Licon\MSR\LTX-2.3-Licon-MSR-V2.safetensors","654443392","7/31/2026 9:00:46 PM"
"deleted-ltx23-non-gguf","C:\ComfyUI\ComfyUI_Shared_Folders\models\loras\LTX\2.3\LTX2.3_666asslick.safetensors","214240000","7/31/2026 4:08:44 AM"
"deleted-ltx23-non-gguf","C:\ComfyUI\ComfyUI_Shared_Folders\models\loras\LTX\2.3\LTX2.3_Crisp_Enhance.safetensors","705198392","7/28/2026 3:37:36 AM"
"deleted-ltx23-non-gguf","C:\ComfyUI\ComfyUI_Shared_Folders\models\loras\LTX\2.3\ltx23-ultimatedt-NSFW-sulphured_audio_final_k3nk.safetensors","1692097032","7/30/2026 4:47:07 AM"
"deleted-ltx23-non-gguf","C:\ComfyUI\ComfyUI_Shared_Folders\models\loras\LTX\2.3\ltxdeepthroat_v01.safetensors","1159259832","7/30/2026 4:47:08 AM"
"deleted-ltx23-non-gguf","C:\ComfyUI\ComfyUI_Shared_Folders\models\loras\LTX\2.3\Official\IC-LoRA\DubIt\ltx-2.3-22b-ic-lora-lipdub-0.9.safetensors","2466665072","7/30/2026 6:18:53 PM"
"deleted-ltx23-non-gguf","C:\ComfyUI\ComfyUI_Shared_Folders\models\loras\LTX\2.3\Official\IC-LoRA\HDR\ltx-2.3-22b-ic-lora-hdr-0.9.safetensors","327309312","7/30/2026 6:16:38 PM"
"deleted-ltx23-non-gguf","C:\ComfyUI\ComfyUI_Shared_Folders\models\loras\LTX\2.3\Official\IC-LoRA\HDR\ltx-2.3-22b-ic-lora-hdr-scene-emb.safetensors","12583096","7/30/2026 6:16:32 PM"
"deleted-ltx23-non-gguf","C:\ComfyUI\ComfyUI_Shared_Folders\models\loras\LTX\2.3\Official\IC-LoRA\In-Outpainting\ltx-2.3-22b-ic-lora-in-outpainting-0.9.safetensors","1308778338","7/30/2026 6:20:49 PM"
"deleted-ltx23-non-gguf","C:\ComfyUI\ComfyUI_Shared_Folders\models\loras\LTX\2.3\Official\IC-LoRA\Ingredients\ltx-2.3-22b-ic-lora-ingredients-0.9.safetensors","1308778338","7/30/2026 6:19:39 PM"
"deleted-ltx23-non-gguf","C:\ComfyUI\ComfyUI_Shared_Folders\models\loras\LTX\2.3\Official\IC-LoRA\ltx-2.3-22b-ic-lora-motion-track-control-ref0.5.safetensors","327309314","7/30/2026 1:12:04 PM"
"deleted-ltx23-non-gguf","C:\ComfyUI\ComfyUI_Shared_Folders\models\loras\LTX\2.3\Official\IC-LoRA\ltx-2.3-22b-ic-lora-union-control-ref0.5.safetensors","654465352","7/30/2026 1:11:53 PM"
"deleted-ltx23-non-gguf","C:\ComfyUI\ComfyUI_Shared_Folders\models\loras\LTX\2.3\Official\IC-LoRA\Pixel-Spatial-Upscaler\ltx-2.3-22b-ic-lora-pixel-spatial-upscaler-x2-0.9.safetensors","654465286","7/30/2026 6:18:56 PM"
"deleted-ltx23-non-gguf","C:\ComfyUI\ComfyUI_Shared_Folders\models\loras\LTX\2.3\plora_sulfter_i2v-step00008500.comfy.safetensors","705200160","7/28/2026 3:42:20 AM"
"deleted-ltx23-non-gguf","C:\ComfyUI\ComfyUI_Shared_Folders\models\loras\LTX\2.3\Pose\ltx23__demopose_d3m0p0s3.safetensors","402763960","8/11/2026 10:32:06 PM"
"deleted-ltx23-non-gguf","C:\ComfyUI\ComfyUI_Shared_Folders\models\loras\LTX\2.3\SEX\CGS23.safetensors","674249552","8/8/2026 6:41:51 PM"
"deleted-ltx23-non-gguf","C:\ComfyUI\ComfyUI_Shared_Folders\models\loras\LTX\2.3\SEX\Cr3ampi3_animation_sulphur-2_i2v_v1.0.safetensors","402758592","8/8/2026 6:43:16 PM"
"deleted-ltx23-non-gguf","C:\ComfyUI\ComfyUI_Shared_Folders\models\loras\LTX\2.3\SEX\Doggy_mission_sulphur-2_v0.5.safetensors","402758592","8/8/2026 6:49:56 PM"
"deleted-ltx23-non-gguf","C:\ComfyUI\ComfyUI_Shared_Folders\models\loras\LTX\2.3\SEX\epic_cumshots-V1-LTX_2_3-CUMSH0T.safetensors","428150680","8/8/2026 6:49:55 PM"
"deleted-ltx23-non-gguf","C:\ComfyUI\ComfyUI_Shared_Folders\models\loras\LTX\2.3\SEX\LTX 2.3 _60 FPS_Buttery_Smooth Motion_LoRa.safetensors","1348026984","8/8/2026 6:49:32 PM"
"deleted-ltx23-non-gguf","C:\ComfyUI\ComfyUI_Shared_Folders\models\loras\LTX\2.3\SEX\nsfw_anal_insertion_ltx23_v1.0.safetensors","805412760","8/8/2026 6:50:04 PM"
"deleted-ltx23-non-gguf","C:\ComfyUI\ComfyUI_Shared_Folders\models\loras\LTX\2.3\SEX\sfbehind_LTX2_3_v0_1.safetensors","428154872","8/8/2026 6:43:16 PM"
"deleted-ltx23-non-gguf","C:\ComfyUI\ComfyUI_Shared_Folders\models\loras\LTX\2.3\SEX\stomach_bulge_10eros_sulphur_v1.safetensors","402758592","8/8/2026 6:49:53 PM"
"deleted-ltx23-non-gguf","C:\ComfyUI\ComfyUI_Shared_Folders\models\loras\LTX\2.3\SOLO\CGS23.safetensors","674249552","8/8/2026 6:41:51 PM"
"deleted-ltx23-non-gguf","C:\ComfyUI\ComfyUI_Shared_Folders\models\loras\LTX\2.3\SOLO\Defined_Muscle.safetensors","1107655568","8/8/2026 6:17:30 PM"
"deleted-ltx23-non-gguf","C:\ComfyUI\ComfyUI_Shared_Folders\models\loras\LTX\2.3\SOLO\ltx-23-bodybuilder-lora-v01.safetensors","302101768","8/8/2026 6:18:04 PM"
"deleted-ltx23-non-gguf","C:\ComfyUI\ComfyUI_Shared_Folders\models\loras\LTX\2.3\SOLO\ltx-23-bodybuilder-lora-v10.safetensors","604088536","8/8/2026 6:17:59 PM"
"deleted-ltx23-non-gguf","C:\ComfyUI\ComfyUI_Shared_Folders\models\loras\LTX\2.3\SOLO\ltx-23-most-muscular-pose-lora-v10.safetensors","302098520","8/8/2026 6:17:49 PM"
"deleted-ltx23-non-gguf","C:\ComfyUI\ComfyUI_Shared_Folders\models\loras\LTX\2.3\SOLO\ltx-front-lat-spread-pose.safetensors","674249672","8/8/2026 6:18:01 PM"
"deleted-ltx23-non-gguf","C:\ComfyUI\ComfyUI_Shared_Folders\models\loras\LTX\2.3\SOLO\ltx-side-bicep-flex.safetensors","674249584","8/8/2026 6:18:44 PM"
"deleted-ltx23-non-gguf","C:\ComfyUI\ComfyUI_Shared_Folders\models\loras\LTX\2.3\SOLO\solo-male-ltx2-4000.safetensors","428150664","8/8/2026 6:12:31 PM"
"deleted-ltx23-non-gguf","C:\ComfyUI\ComfyUI_Shared_Folders\models\loras\LTX\2.3\Sulphur\distill_loras\ltx-2.3-22b-distilled-lora-1.1_fro90_ceil72_condsafe.safetensors","662072824","7/29/2026 3:42:12 AM"
"deleted-ltx23-non-gguf","C:\ComfyUI\ComfyUI_Shared_Folders\models\loras\LTX\2.3\sulphur2_gay_sex_coachbate_v2.safetensors","1348027488","7/28/2026 3:38:16 AM"
"deleted-ltx23-non-gguf","C:\ComfyUI\ComfyUI_Shared_Folders\models\loras\LTX\2.3\VBVR\LTX2.3_Multi_step_video_reasoning_V0.1.safetensors","674249600","7/28/2026 7:39:18 PM"
"deleted-ltx23-non-gguf","C:\ComfyUI\ComfyUI_Shared_Folders\models\loras\LTX\ltx-2.3-22b-distilled-1.1_lora-dynamic_fro09_avg_rank_111_bf16.safetensors","2741024390","7/31/2026 3:12:23 PM"
"deleted-ltx23-non-gguf","C:\ComfyUI\ComfyUI_Shared_Folders\models\loras\LTX\ltx-2.3-22b-distilled-lora-384-1.1.safetensors","7605507256","7/31/2026 3:28:39 PM"
"deleted-ltx23-non-gguf","C:\ComfyUI\ComfyUI_Shared_Folders\models\loras\LTX\LTX-2.3-OmniNFT-RL-Lora_bf16.safetensors","616948520","7/31/2026 3:08:46 PM"
"deleted-ltx23-non-gguf","C:\ComfyUI\ComfyUI_Shared_Folders\models\loras\LTX\ltx23_anime2real_rank64_v1_4500.safetensors","654443424","8/5/2026 3:25:06 AM"
"deleted-ltx23-non-gguf","C:\ComfyUI\ComfyUI_Shared_Folders\models\loras\LTX\ltx23_edit_anything_global_rank128_v1_9000steps_adamw.safetensors","1308756416","8/5/2026 3:25:03 AM"
"deleted-ltx23-non-gguf","C:\ComfyUI\ComfyUI_Shared_Folders\models\loras\LTX\ltx23_inpaint_masked_r2v_rank32_v1_3000steps.safetensors","327287384","8/5/2026 3:24:31 AM"
"deleted-ltx23-non-gguf","C:\ComfyUI\ComfyUI_Shared_Folders\models\loras\LTX\ltx23_real2anime_rank64_v1_5000.safetensors","654442488","8/5/2026 3:25:06 AM"
"deleted-ltx23-non-gguf","C:\ComfyUI\ComfyUI_Shared_Folders\models\text_encoders\ltx-2.3_text_projection_bf16.safetensors","2312149072","7/28/2026 4:57:24 AM"
"deleted-ltx23-non-gguf","C:\ComfyUI\ComfyUI_Shared_Folders\models\text_encoders\LTX\2.3\Director\gemma_3_12B_it_fp4_mixed.safetensors","9447702218","7/31/2026 9:51:22 PM"
"deleted-ltx23-non-gguf","C:\ComfyUI\ComfyUI_Shared_Folders\models\vae\ltx-2.3-22b-distilled_audio_vae.safetensors","364853140","7/29/2026 3:56:30 PM"
"deleted-ltx23-non-gguf","C:\ComfyUI\ComfyUI_Shared_Folders\models\vae\ltx-2.3-22b-distilled_video_vae.safetensors","1452256522","7/29/2026 4:09:04 PM"
"deleted-ltx23-non-gguf","C:\ComfyUI\ComfyUI_Shared_Folders\models\vae\LTX23_audio_vae_bf16.safetensors","364855188","7/28/2026 4:57:01 AM"
"deleted-ltx23-non-gguf","C:\ComfyUI\ComfyUI_Shared_Folders\models\vae\LTX23_video_vae_bf16.safetensors","1452258578","7/28/2026 4:57:25 AM"
"deleted-ltx23-non-gguf","C:\ComfyUI\ComfyUI_Shared_Folders\models\vae\pruna_ltx2.3_vae_comfy_bf16.safetensors","1327910922","7/31/2026 3:12:34 PM"
"deleted-ltx23-non-gguf","C:\ComfyUI\ComfyUI_Shared_Folders\models\vae\taeltx2_3.safetensors","23531296","7/28/2026 4:56:44 AM"
