"OriginalPath","CurrentPath","Bytes","SHA256","GitIncluded"
"Red Sea Visual Direction\01e66b8de30c9f3edfac45d6df312abf.jpg","Pictures\Moses - The Red Sea\Visual Direction\01e66b8de30c9f3edfac45d6df312abf.jpg","212921","4A670A1A883F2C4B14056EF5F9CE504C3EC31608A588D82110B65F2B5031DE4C","True"
"Red Sea Visual Direction\052023bb3fe7e7e74a8437f64db18fef.jpg","Pictures\Moses - The Red Sea\Visual Direction\052023bb3fe7e7e74a8437f64db18fef.jpg","131397","CB11216B3E17164BF0A2432BC15A615887657354C3D862B9359512B0C6235213","True"
"Red Sea Visual Direction\097e4f0145bfd873d090557f63302b55.jpg","Pictures\Moses - The Red Sea\Visual Direction\097e4f0145bfd873d090557f63302b55.jpg","110482","6E399E8568694B3E30E022D9F8FB1FD2FED71C177A51FDAD9E11C08BC4C68883","True"
"Red Sea Visual Direction\0c37e92b2c8455755e90e3b1cb10db60.jpg","Pictures\Moses - The Red Sea\Visual Direction\0c37e92b2c8455755e90e3b1cb10db60.jpg","102812","F411AE42D5A5D07DC31B898D8A3DEFA24330665673F2EFFF27976AE284018831","True"
"Red Sea Visual Direction\1f182b12299e1647489e82b441bcd76a.jpg","Pictures\Moses - The Red Sea\Visual Direction\1f182b12299e1647489e82b441bcd76a.jpg","133042","E6998359E8A69ABA827ED7A6B1E5389851368AE7C35F298B5BC393DD01D7B0E4","True"
"Red Sea Visual Direction\225829dce2cb5ad05662189ccc09b4d2.jpg","Pictures\Moses - The Red Sea\Visual Direction\225829dce2cb5ad05662189ccc09b4d2.jpg","190614","87756F009A8A23536D5D0E322B7C90C1E401B8302DDAE32D1FDA2E513B8EDE1A","True"
"Red Sea Visual Direction\2b1a4aa90c6102fb3f64c5ce38d0889f.jpg","Pictures\Moses - The Red Sea\Visual Direction\2b1a4aa90c6102fb3f64c5ce38d0889f.jpg","126533","BFA8527F77B950A2F2DF365E0591A8B1F1061F253AA35ADFDB28E2B6AED4F1A9","True"
"Red Sea Visual Direction\4577be8157c14c0a38ac138724f558fe.jpg","Pictures\Moses - The Red Sea\Visual Direction\4577be8157c14c0a38ac138724f558fe.jpg","170939","FA501C204C537C7EC8C29D83B287B2A0857BBA31BC3B503BB6CDBB1DCC6FA7DB","True"
"Red Sea Visual Direction\523201d23797509852399a6dcc63a201.jpg","Pictures\Moses - The Red Sea\Visual Direction\523201d23797509852399a6dcc63a201.jpg","362106","22C345D97C8E1B3795375AFD97899C20D9805A1851A82AEEC7657AF165DAA2E1","True"
"Red Sea Visual Direction\56857c36b4f6cf54b9a2a4b0da0328ad.jpg","Pictures\Moses - The Red Sea\Visual Direction\56857c36b4f6cf54b9a2a4b0da0328ad.jpg","133170","FFFC1021237186215F27F2D0CE9A0A7ADF190AF071386A6952B8BA3C20ED4AAC","True"
"Red Sea Visual Direction\638b7c051429cc43787e800f09294847.jpg","Pictures\Moses - The Red Sea\Visual Direction\638b7c051429cc43787e800f09294847.jpg","91414","8F9FC492963CDF3E5EAF5DF176D4668570CEF8F6FABB21845BF33E8C213A106A","True"
"Red Sea Visual Direction\639b3d117c40592c9e2d5307dcf74fd0.jpg","Pictures\Moses - The Red Sea\Visual Direction\639b3d117c40592c9e2d5307dcf74fd0.jpg","287176","1DC982B89D034A3B68A4A7867F2A45A44F5AE6164F79E2D1A4D8E0530463F466","True"
"Red Sea Visual Direction\6df6e5d3b09a466cbe5540ada8ac7dbe.jpg","Pictures\Moses - The Red Sea\Visual Direction\6df6e5d3b09a466cbe5540ada8ac7dbe.jpg","175833","0E2E2A0795541027CBD519D93C3909D9DDFBCE3E91980144C828EC3B8DD4EA67","True"
"Red Sea Visual Direction\77980e0f1b85ea0473856d948a88441b.jpg","Pictures\Moses - The Red Sea\Visual Direction\77980e0f1b85ea0473856d948a88441b.jpg","122561","640DADBCF29DB213A3D9126F120F5BC7924391A700D5FE3BCA1F93609CAEE44D","True"
"Red Sea Visual Direction\865d532a2f24de4d5a4518520c9d6254.jpg","Pictures\Moses - The Red Sea\Visual Direction\865d532a2f24de4d5a4518520c9d6254.jpg","106559","DB28FB6CB6FE1DC399AC979B79BA723CB9D6CA4266EC661FCE4ED6D04443B845","True"
"Red Sea Visual Direction\9754754a5679c03a6403bd2e5e2a456d.jpg","Pictures\Moses - The Red Sea\Visual Direction\9754754a5679c03a6403bd2e5e2a456d.jpg","98337","2027F8537C67FC9A0B56A968742ED3AA79A1AF30E9D043B1F9EE5E5D0A6389A4","True"
"Red Sea Visual Direction\a4c80e87d9d729e4d7acddeaa1cfda75.jpg","Pictures\Moses - The Red Sea\Visual Direction\a4c80e87d9d729e4d7acddeaa1cfda75.jpg","91946","C4CBD43F2A1F8B8C55DD6C2FD17FD9598AB67EEAF83EC452A6E927CF933A8A95","True"
"Red Sea Visual Direction\ac56fd3941561c606ef3044283af47b5.jpg","Pictures\Moses - The Red Sea\Visual Direction\ac56fd3941561c606ef3044283af47b5.jpg","104627","EB080EE6588E008B38035C3F62FB03404E6E066DC3B1578C32B74AFF6970D617","True"
"Red Sea Visual Direction\b4228fc2f3f7bae5e90126e4b7a35180.jpg","Pictures\Moses - The Red Sea\Visual Direction\b4228fc2f3f7bae5e90126e4b7a35180.jpg","118693","C9F22903DF52C48D9D468E116F8B561772F11DFC535CDDAA9C5F0BA5E6DDE45D","True"
"Red Sea Visual Direction\e0d2c7689bce80fe290f792d41c43a41.jpg","Pictures\Moses - The Red Sea\Visual Direction\e0d2c7689bce80fe290f792d41c43a41.jpg","79019","C0AECBEEC0AFBF562C48D98CD535375FB64827CB8F34AB0C6BAC61B3B3A03F9A","True"
"Red Sea Visual Direction\ec7ac939f4e759373f0b159b4272ace5.jpg","Pictures\Moses - The Red Sea\Visual Direction\ec7ac939f4e759373f0b159b4272ace5.jpg","62451","9AE20AAAE085A42718D2E57B43D809EEFEEDB728DBE63295DFF0C02C5E97A1A7","True"
"Red Sea Visual Direction\f8ab4561092209f46f2d3fdd9394510f.jpg","Pictures\Moses - The Red Sea\Visual Direction\f8ab4561092209f46f2d3fdd9394510f.jpg","198324","5AE140C027B145AE8A9E99FD77B6FDB74092B167D4F8FCBFB006478BE6141E98","True"
"Red Sea Visual Direction\Red-Sea-Visual-Direction-Collage-preview.jpg","Pictures\Moses - The Red Sea\Visual Direction\Red-Sea-Visual-Direction-Collage-preview.jpg","524333","78319EF9F395E86D4BDC8EA4DBEE5AC0B0E3EFBA64496F097D313C005966D84A","True"
"Red Sea Visual Direction\Red-Sea-Visual-Direction-Collage.png","Pictures\Moses - The Red Sea\Visual Direction\Red-Sea-Visual-Direction-Collage.png","56712034","5D326F8472367AD37AEC0282376B54BF09EAF5DF4F03E8212D075F47C5F5E67A","True"
"comfy-prodigal-son-submitted.json","Pictures\The Prodigal Son\Generation Records\comfy-prodigal-son-submitted.json","9767","124F196AFBD6D94ADDBF2CB2FF5E96068AE4938E8926E99CB5B84A0C1AEFFB13","True"
"comfy-prodigal-son-missing-submitted.json","Pictures\The Prodigal Son\Generation Records\comfy-prodigal-son-missing-submitted.json","3619","A178FA09C62539B08D2EE0D34EB22A7001C22A9B0DBDD0F0E3367569F875B7F2","True"
"tmp-character-contact-sheet.jpg","Pictures\The Prodigal Son\Contact Sheets\characters.jpg","695452","D312B37D9EE0EBEAA60F353418CABA9CC267B5CF01911F9492FBF52256638F09","True"
"recovered-upload-candidates\01_40a133d9-2bfb-401c-b700-a96604850a47.tmp.jpg","Pictures\Unassigned\Recovered Upload Candidates\01_40a133d9-2bfb-401c-b700-a96604850a47.tmp.jpg","71125185","BD9A14D51540D983A5275F081544E9A4CE4F32A80418EB95340DC0C099AC417B","False"
"recovered-upload-candidates\02_f_0000fa.png","Pictures\Unassigned\Recovered Upload Candidates\02_f_0000fa.png","2550395","7B0F9D1ADD869400192CB22EBBE6C2B0EB72DDF15E142BC47C58FDE750B4E79D","False"
"recovered-upload-candidates\03_f_0000f9.png","Pictures\Unassigned\Recovered Upload Candidates\03_f_0000f9.png","2990157","C925EA452207768C15822209A0024C6F142651A60337826D8FC4E76CB10723B4","False"
"recovered-upload-candidates\04_f_0000f8.png","Pictures\Unassigned\Recovered Upload Candidates\04_f_0000f8.png","2774428","427270E7E52D344EF0BCAFBD49EF1E79C17AE5F60BF33808C2442D2B45EB62A2","False"
"recovered-upload-candidates\05_af9e8fb5-d08c-40b3-902c-94e0b58bd7d7.tmp.png","Pictures\Unassigned\Recovered Upload Candidates\05_af9e8fb5-d08c-40b3-902c-94e0b58bd7d7.tmp.png","1202931","9782D1EA0568D77F264CFCC7A8D8412BEFC8A3B4506EF4D5A81DCDE41A2F9BD7","False"
"recovered-upload-candidates\06_567f64f9-3d68-4348-a85f-93c9e5a018ef.tmp.jpg","Pictures\Unassigned\Recovered Upload Candidates\06_567f64f9-3d68-4348-a85f-93c9e5a018ef.tmp.jpg","30572767","7D4317A0E23DA1AAF6924F916A74E71BE388886FD4C8142B33106B5A72F365FE","False"
"recovered-upload-candidates\07_4df3ecea-8edc-43f5-8636-aef02277822e.tmp.jpg","Pictures\Unassigned\Recovered Upload Candidates\07_4df3ecea-8edc-43f5-8636-aef02277822e.tmp.jpg","6881479","A4E774EBB0667C8AC1BC2C3B71A17341F5B548DA1FFC4036EB3B5EDE5811BBBD","False"
"recovered-upload-candidates\08_c017e966-9c68-45ee-9d01-2134b56bf169.tmp.jpg","Pictures\Unassigned\Recovered Upload Candidates\08_c017e966-9c68-45ee-9d01-2134b56bf169.tmp.jpg","605510","87B5D1DC3DD529D1CE3FAF2BAF56A456F4164262143915EFF23C3749E60D5086","False"
"recovered-upload-candidates\09_76cd8f7e-ec95-46d4-9674-d6b2daeaefd5.tmp.jpg","Pictures\Unassigned\Recovered Upload Candidates\09_76cd8f7e-ec95-46d4-9674-d6b2daeaefd5.tmp.jpg","519704","6EF239E1EB13AD5F34B7987DD799A73D1815734AF0EC8A2D6C1635156470091E","False"
"recovered-upload-candidates\10_da11461f-b2af-43b1-ae3b-19ed05e763df.tmp.jpg","Pictures\Unassigned\Recovered Upload Candidates\10_da11461f-b2af-43b1-ae3b-19ed05e763df.tmp.jpg","934585","A84CEC3C93FAB3D527EFB5342D667C6AC7C3F1E86A42A96ECCE0FBD6949BED1C","False"
"recovered-upload-candidates\11_72a3d1c9-f040-447c-8e1b-d062ab729089.tmp.png","Pictures\Unassigned\Recovered Upload Candidates\11_72a3d1c9-f040-447c-8e1b-d062ab729089.tmp.png","781710","98D45B18D52719B1439E61D94ED933EC906A2D75573F85B76497E6D1BFA5DFB1","False"
"recovered-upload-candidates\12_5e9d60c4-0d57-49e6-bbcc-423b2b76351d.tmp.jpg","Pictures\Unassigned\Recovered Upload Candidates\12_5e9d60c4-0d57-49e6-bbcc-423b2b76351d.tmp.jpg","561840","71FC46D9AEE64FC6FB72F6FFC754E75F8BF12FA02A599E738FEF2E2279C31170","False"
"recovered-upload-candidates\13_1e5d75f5-2a5d-494b-acbc-a9cf5e2eb70b.tmp.jpg","Pictures\Unassigned\Recovered Upload Candidates\13_1e5d75f5-2a5d-494b-acbc-a9cf5e2eb70b.tmp.jpg","1369363","C572A5ED0EC0BBDD59AB63D2B45EFA5B057D5D9099EE3B586A287DCDDA8B6C38","False"
"recovered-upload-candidates\14_2f6e4cb3-1c7a-4a75-92b3-fc7a0a233245.tmp.jpg","Pictures\Unassigned\Recovered Upload Candidates\14_2f6e4cb3-1c7a-4a75-92b3-fc7a0a233245.tmp.jpg","774805","A5343B047D7C2302DE4A0BF55CBCB78E94D87A81CCED5CA399C6228F4805880C","False"
"recovered-upload-candidates\15_658fb932-f981-44ca-b78a-5d1713d8d8e2.tmp.jpg","Pictures\Unassigned\Recovered Upload Candidates\15_658fb932-f981-44ca-b78a-5d1713d8d8e2.tmp.jpg","420148","BD55BEFBA8CFFEBAE5AC24121CCCB43CEBA285241EC9C7BE1572684455FC4F54","False"
"recovered-upload-candidates\16_75629226-8e21-4d97-a485-496ae1bf270f.tmp.jpg","Pictures\Unassigned\Recovered Upload Candidates\16_75629226-8e21-4d97-a485-496ae1bf270f.tmp.jpg","1293334","B250CAC7F07C3B143AB6FA51C5804F3F8BD645FB3346195E8618F437969725B0","False"
"recovered-upload-candidates\17_d85d3fa7-db0d-46cd-a213-c804399d6725.tmp.jpg","Pictures\Unassigned\Recovered Upload Candidates\17_d85d3fa7-db0d-46cd-a213-c804399d6725.tmp.jpg","527225","64278EEDF21612761BFD108F912ADE691D79FECCAFFB8E6DDA93745483D9FF7A","False"
"recovered-upload-candidates\18_e723c378-5d0a-4050-ade6-f451791d922f.tmp.jpg","Pictures\Unassigned\Recovered Upload Candidates\18_e723c378-5d0a-4050-ade6-f451791d922f.tmp.jpg","1526233","B6558BA6FEC57C0A942CA1580BA7FAAFDC5D5D27718EED5A798967EF3F0FE985","False"
"recovered-upload-candidates\19_ec51d5bb-2a09-40d0-8037-bf17c941c44d.tmp.jpg","Pictures\Unassigned\Recovered Upload Candidates\19_ec51d5bb-2a09-40d0-8037-bf17c941c44d.tmp.jpg","316763","ECB891E396844EA33B55FA2A7021B3C9E61B7DE18921ED8509431CB9438B5718","False"
"recovered-upload-candidates\20_18721e8e-06f7-4abd-b3a0-2535343e3ed9.tmp.png","Pictures\Unassigned\Recovered Upload Candidates\20_18721e8e-06f7-4abd-b3a0-2535343e3ed9.tmp.png","58384114","56B10018CE7D867733317A75D14F49AD79F5D074AF0C80767604DECA42A63781","False"
"recovered-upload-candidates\21_c94bac54-63b9-4fc9-9f3f-cbff03d80bf7.tmp.png","Pictures\Unassigned\Recovered Upload Candidates\21_c94bac54-63b9-4fc9-9f3f-cbff03d80bf7.tmp.png","11482845","4D3D43A72EE4ECCA6F4403633F308B1268DB18505A580B944F88455187DFE544","False"
"recovered-upload-candidates\22_3e664062-b53b-4c6b-9c0b-2225b0396190.tmp.png","Pictures\Unassigned\Recovered Upload Candidates\22_3e664062-b53b-4c6b-9c0b-2225b0396190.tmp.png","977249","13934094A9CE6E16C879275761CC140799D3A1B337B4B0C996EDD9769D56F9C4","False"
"recovered-upload-candidates\23_codex-clipboard-a5023c6e-7fd5-4bf6-b1ff-c2d5e8199dd9.png.png","Pictures\Unassigned\Recovered Upload Candidates\23_codex-clipboard-a5023c6e-7fd5-4bf6-b1ff-c2d5e8199dd9.png.png","2675410","C66A9E681EF6155F7AA5021E2795B02FCDF693A5A3C21C15A3447718C203505D","False"
"recovered-upload-candidates\24_f_0000f5.png","Pictures\Unassigned\Recovered Upload Candidates\24_f_0000f5.png","2970955","1E78EF5FE6C5C9986FA3B8139D3C9E6261A40FCD4DE806D117B1ADBC1B7FB9E3","False"
"recovered-upload-candidates\25_f_0000f3.png","Pictures\Unassigned\Recovered Upload Candidates\25_f_0000f3.png","3528725","AA5B2208FA49F5145C36B901BD943756475801B38FA80D783899662D1A6C814B","False"
"recovered-upload-candidates\26_f_0000f4.png","Pictures\Unassigned\Recovered Upload Candidates\26_f_0000f4.png","1698036","7957C22B428641F604FEE72DF1782DE9882D5CEEF1BF0A0D6468A6C2C57BCA90","False"
"recovered-upload-candidates\27_f_0000f1.png","Pictures\Unassigned\Recovered Upload Candidates\27_f_0000f1.png","3638755","DC82D8EA1ABBF0AE4D1A9C8F441EB9510EEBCCF918D168776522F6971BACC256","False"
"recovered-upload-candidates\28_f_0000f0.png","Pictures\Unassigned\Recovered Upload Candidates\28_f_0000f0.png","3107621","C4736146518F19D6A4942B19D6C674C27CD54EF30721DDC0CC8D29919F0EDF39","False"
"recovered-upload-candidates\29_f_0000ef.png","Pictures\Unassigned\Recovered Upload Candidates\29_f_0000ef.png","3390016","83D91641B4AA375F40370CD189BAFE7F9FE0F8C8709C94DBD674961E38072F6F","False"
"recovered-upload-candidates\30_f_0000f2.png","Pictures\Unassigned\Recovered Upload Candidates\30_f_0000f2.png","289271","93D841F85EFDC8ACA39F69E847A25E70EAF3C3400F6D49879242CAFDF358C0A5","False"
"recovered-upload-candidates\31_f_0000ed.png","Pictures\Unassigned\Recovered Upload Candidates\31_f_0000ed.png","3106488","272E7ADB5650CF2043D986B095FBDED99E67813A7188D9E3835963AD46F31178","False"
"recovered-upload-candidates\32_f_0000ec.png","Pictures\Unassigned\Recovered Upload Candidates\32_f_0000ec.png","2846819","2F6B4C7F73200C6FCDADE45F5ACC9C7D39E2CEB5F12148B69C274F982A38B9CB","False"
"recovered-upload-candidates\33_f_0000ee.png","Pictures\Unassigned\Recovered Upload Candidates\33_f_0000ee.png","2117203","67DD3BB182BAD8D4D09211D65114412018A044661FC35CA263B187101AEB13A8","False"
"recovered-upload-candidates\34_f_0000eb.png","Pictures\Unassigned\Recovered Upload Candidates\34_f_0000eb.png","2665707","D2C9C774D20854C958A6905B1CB5F2D243EB4CB81E9C6608163EF248BE4620EF","False"
"recovered-upload-candidates\35_f_0000ea.png","Pictures\Unassigned\Recovered Upload Candidates\35_f_0000ea.png","2979676","9B1F0946376AEADF896B7E9FFD8D805A603A6F5E8DA03B0C0FC8045FE32074A9","False"
"recovered-upload-candidates\36_f_0000e9.png","Pictures\Unassigned\Recovered Upload Candidates\36_f_0000e9.png","2969325","941A24CEB39142FEBEB9A9B54EDF4FFE72C7D042D4223FB9D0119E65FB3893CF","False"
"recovered-upload-candidates\37_f_0000e6.png","Pictures\Unassigned\Recovered Upload Candidates\37_f_0000e6.png","3682590","25B9829916ED7DFF60FEEC48CB4D47D69924B4B7C60B2D81E2AA9E95C912FF2F","False"
"recovered-upload-candidates\38_f_0000e7.png","Pictures\Unassigned\Recovered Upload Candidates\38_f_0000e7.png","3313667","F60EB18D3D62AF985E045A68A10FA46F7C09149256F97C5F00ABE3DC00D9F20C","False"
"recovered-upload-candidates\39_f_0000e8.png","Pictures\Unassigned\Recovered Upload Candidates\39_f_0000e8.png","2566625","3CE7684A0B163C07CD0D1E2926CC8B8F29078B99BAD78BFF1BE2D521A5F23637","False"
"recovered-upload-candidates\40_f_0000e5.png","Pictures\Unassigned\Recovered Upload Candidates\40_f_0000e5.png","2957771","3E850B889946A653F155C785879AB8277DDAFD33A70B6857F68AB763087C7D9C","False"
"recovered-upload-candidates\41_f_0000e4.png","Pictures\Unassigned\Recovered Upload Candidates\41_f_0000e4.png","3791772","ED49FA0B4F66691EE320BC9063FAAFA6E8F16536D4856D9E69F3719C04A254F1","False"
"recovered-upload-candidates\42_f_0000e3.png","Pictures\Unassigned\Recovered Upload Candidates\42_f_0000e3.png","3648309","CA40C14181AEF023956DA97E61BA936A3504B3DCB3093EEBEE8B6E66F0AE7858","False"
"recovered-upload-candidates\43_f_0000e2.png","Pictures\Unassigned\Recovered Upload Candidates\43_f_0000e2.png","3673654","EBCAE6A380C6D77A3E1251A27F252D62F7E0D9CA798CAC34E7573913C9915A63","False"
"recovered-upload-candidates\44_f_0000e1.png","Pictures\Unassigned\Recovered Upload Candidates\44_f_0000e1.png","2802117","57AD691C3EEA6805AC1FCC8B8AC2099C643C09A81A4CF9A674B7AD5826C4DE65","False"
"recovered-upload-candidates\45_f_0000e0.png","Pictures\Unassigned\Recovered Upload Candidates\45_f_0000e0.png","3214533","7EDA6FAED46DD316DD22A7564DC2191DCE2B7F5E7B11C29225FD299FC20C52C1","False"
"recovered-upload-candidates\46_f_0000df.png","Pictures\Unassigned\Recovered Upload Candidates\46_f_0000df.png","3717709","6183B109E9080038D8E4408CD62559140C963ECA6572511C1957107AA23425EB","False"
"recovered-upload-candidates\47_f_0000de.png","Pictures\Unassigned\Recovered Upload Candidates\47_f_0000de.png","2888951","ED434BCB28017EACF2757B85563CA92046D7D373F95FF1DA1AE8F4352889D424","False"
"recovered-upload-candidates\48_f_0000dd.png","Pictures\Unassigned\Recovered Upload Candidates\48_f_0000dd.png","2655143","A6F5CBD32B899974DB374731F7855552A5351CBAEDEC8F64614D084BA7BBA24C","False"
"recovered-upload-candidates\49_f_0000dc.png","Pictures\Unassigned\Recovered Upload Candidates\49_f_0000dc.png","2562799","50DE84E31767EE7252345669CF9F124C8C5DAC29B03C0273556C31C05D97F063","False"
"recovered-upload-candidates\50_f_0000db.png","Pictures\Unassigned\Recovered Upload Candidates\50_f_0000db.png","2917247","A4EE6DD1C9209244ABD94DBA42D283BC039EAF024889D2394445A8A2FAEEDA2F","False"
"recovered-upload-candidates\51_f_0000da.png","Pictures\Unassigned\Recovered Upload Candidates\51_f_0000da.png","2927123","6D5A8ACBC01896D2D2519B3001E407E3A52816B609353E20508C73AB18646BE1","False"
"recovered-upload-candidates\52_f_0000d9.png","Pictures\Unassigned\Recovered Upload Candidates\52_f_0000d9.png","2615308","3EBAAE7EB8190DB7518207F61808120F7E1E8E0C1D0CCD69C344A1AF1E63BFBC","False"
"recovered-upload-candidates\53_f_0000d8.png","Pictures\Unassigned\Recovered Upload Candidates\53_f_0000d8.png","2265374","262A42D3F039F74DA66E16410BA74A427326A7F6706B864E61290EFEA76DF92F","False"
"recovered-upload-candidates\54_f_0000d6.png","Pictures\Unassigned\Recovered Upload Candidates\54_f_0000d6.png","2713733","0B2CE11B055F17B257985F4CA6EA18C494F181DF983DC5015721E4B206D1219B","False"
"recovered-upload-candidates\55_f_0000d7.png","Pictures\Unassigned\Recovered Upload Candidates\55_f_0000d7.png","1977378","A9CE428B5C64597DE498F7B169BE17C20EADFADB73E265728F2931F945A69E53","False"
"recovered-upload-candidates\56_f_0000d5.png","Pictures\Unassigned\Recovered Upload Candidates\56_f_0000d5.png","2612664","4A66DFCB06AC838F4ED0371513974F55ACCF8DDF460BE11FBEFF80CC7011F61B","False"
"recovered-upload-candidates\57_f_0000d4.png","Pictures\Unassigned\Recovered Upload Candidates\57_f_0000d4.png","2837661","6468111E107747CE932690C289C25FAC86CF3F34A340BCA34DB80FDE4DE6BC3F","False"
"recovered-upload-candidates\58_f_0000d3.png","Pictures\Unassigned\Recovered Upload Candidates\58_f_0000d3.png","2804084","0A1CCC80CCA2FB6520E6D7E280AE3795761E70648D627FB3D1AFAD21B3C233FB","False"
"recovered-upload-candidates\59_f_0000d2.png","Pictures\Unassigned\Recovered Upload Candidates\59_f_0000d2.png","2684424","C985AD35B6BAC825D30912EAB6520ABA8F263D91FBE430EC305DEEE2E74A648B","False"
"recovered-upload-candidates\60_f_0000d1.png","Pictures\Unassigned\Recovered Upload Candidates\60_f_0000d1.png","2702473","0C3CA2973AD5D62469482B6F3881BF41C38F8F54700BAEB5AD2A4F8EBEE00EB6","False"
"recovered-upload-candidates\likely-location-screenshots-contact-sheet.jpg","Pictures\Unassigned\Recovered Upload Candidates\likely-location-screenshots-contact-sheet.jpg","813387","442DF5120200472EB67D4678017C1AB4F16DB07611C5630EEAFE41C974CAAE32","False"
"recovered-upload-candidates\app-cache\cache-contact-sheet.jpg","Pictures\Unassigned\Recovered Upload Candidates\app-cache\cache-contact-sheet.jpg","1911909","8B88EDC81377EB9E24F871D17D5FB29B68A590FBBB15FF2985268D88382E93AA","False"
"recovered-upload-candidates\app-cache\cache-index.tsv","Pictures\Unassigned\Recovered Upload Candidates\app-cache\cache-index.tsv","14863","D16F0D9B61A0CD4837901A032D1E64B5B8F64338EEA78945BF1E145700DC4017","False"
