id,severity,surface,classification,finding,impact,evidence,required_fix,acceptance
SEQ-PLAY-001,P1,Sequence / Playback,Confirmed code defect; runtime impact high-confidence,"The program clock advances from requestAnimationFrame wall-clock time even while the current video is waiting, stalled, seeking, or not ready.","The playhead and auxiliary audio can move ahead while picture is frozen, followed by a hard seek or skipped visual material. Editorial timing cannot be trusted.",client/src/components/SequenceEditorWorkspace.tsx — beginPlayback/requestAnimationFrame and media synchronization logic,Make media readiness authoritative. Pause the transport clock on waiting/stalled/seeking; resume only after canplay/seeked. Use a shared master clock and explicit buffering state.,"Under throttled decode/network conditions, the program playhead does not advance during a stall; picture and audio return within one frame at 24 fps."
SEQ-PLAY-002,P1,Sequence / Playback,Confirmed architecture; runtime impact high-confidence,"Every cut remounts a single <video> element keyed by clip ID, with no next-clip preload, double buffer, preroll, or readiness gate.","Cuts can flash black, show the prior frame, or stall on real 4K/AI-generated media and slow disks.",client/src/components/SequenceEditorWorkspace.tsx — program monitor JSX and currentProgramClip key/src handling,"Use two alternating video elements or a media buffer, preload the next source, seek it before the seam, and swap only after readiness is acknowledged.","A 50-cut mixed-codec sequence plays three consecutive passes with zero black frames, zero stale frames, and no seam stall."
SEQ-AUD-001,P1,Sequence / Audio,Confirmed code defect,"Preview gain converts dB to linear gain and clamps it to 0–1, while the editor/export path permits positive gain up to +12 dB.","Preview and export do not match. A +12 dB clip previews at unity but exports at roughly 3.98× linear gain, creating surprise loudness or clipping.",client/src/components/SequenceEditorWorkspace.tsx — dB gain clamp; server/ffmpeg.js — export volume application,"Use Web Audio GainNode or another path that supports gain above unity, or remove positive gain from the UI/export contract.","For -24, -12, 0, +6, and +12 dB, preview and exported integrated/peak levels agree within 0.5 dB."
IMP-001,P1,Sequence / Folder Drop,Confirmed code defect,"Per-file import failures are swallowed, and completion messaging reports only the imported count without a failed/rejected count, reason list, or retry.",Users can believe a folder was handled successfully while assets are missing. This is especially dangerous in large production drops.,client/src/components/SequenceEditorWorkspace.tsx — importDroppedMedia per-file empty catch and summary notice,"Return a structured result for every file: imported, duplicate, unsupported, oversized, failed. Present a persistent summary and retryable failure list.","A mixed 20-file drop reports scanned/imported/skipped/failed totals that add up exactly to 20, with reason and retry for each failure."
IMP-002,P1,Sequence / Folder Drop,Confirmed cross-layer contract defect,"The client accepts image extensions but never categorizes/imports them, and accepts AVI while the server rejects AVI.",Images disappear silently and AVI produces a hidden failure. The drop-zone promise is not truthful.,client/src/components/SequenceEditorWorkspace.tsx — extension allowlist/classification; server/sequence-editor.js — server extension validation,Create one shared media-type contract. Import images into a defined bin/workflow or reject them visibly. Align AVI support on both layers.,Every advertised extension has an end-to-end test and a visible deterministic result; no accepted file vanishes silently.
IMP-003,P1,Sequence / Folder Drop,Confirmed server architecture risk,"Large uploads use in-memory multipart buffering and synchronous disk writes, with very large configured limits.","Large AI-video imports can spike process memory, block the event loop, freeze the UI/API, or terminate the server.",server/index.js — multer memory storage/limits and import routes; server/sequence-editor.js — synchronous writes,"Stream multipart data directly to a staging file, validate while streaming, atomically rename, expose progress, and make limits explicit in the UI.",Importing files near the configured limit does not cause a material event-loop stall or memory spike proportional to full file size.
TAKE-001,P1,Sequence / Takes,Confirmed regression against parent commit,"Latest/segment filtering was removed from the visible controls, its remaining branch is a no-op, and the default filter changed from Active to All.",The take bin becomes noisier and the fastest segment-review path disappears in the very commit advertised as improving takes.,"client/src/components/SequenceEditorWorkspace.tsx at parent 680f18c versus 17234f7 — takeFilter state, visibleMedia filter, rendered filter buttons","Restore Active, Latest/segment, and All; default to Active; add regression tests for item membership and default state.","Latest/segment shows only the newest eligible take for the selected segment, Active remains default, and All is an explicit opt-in."
COMFY-001,P1,Comfy Picker,Confirmed state-truth defect,"The picker can display a selected workflow before that graph has been loaded into the iframe, and success is announced without a bridge acknowledgement that the graph actually loaded.",The label and canvas can disagree. A user can edit or queue the wrong graph while believing the selected workflow is active.,"client/src/components/ComfyUIWorkspace.tsx — initial picker state, loadWorkflow/injectGraph, URL fallback and success notice","Separate selected, loading, and loadedWorkflow IDs. Auto-load deliberately or show 'not loaded'. Require an explicit iframe bridge ACK containing workflow ID/hash before success.",The toolbar never claims workflow X is loaded unless the iframe returns an ACK for X; initial state is unambiguous.
COMFY-002,P1,Comfy Picker,Confirmed missing concurrency/dirty-state control,"Rapid workflow changes are not cancellation- or sequence-token-protected, and loading another workflow does not confirm unsaved graph edits.","An older request can overwrite a newer selection, and local graph work can be destroyed without warning.",client/src/components/ComfyUIWorkspace.tsx — loadWorkflow request lifecycle and option change handling,"Abort or ignore stale loads, serialize bridge application, track canvas dirty state, and require discard/save confirmation.","In a 20-change rapid-selection test, only the final workflow loads. Modified graphs cannot be replaced without an explicit user decision."
COMFY-003,P1,Comfy Picker / Packaging,Confirmed reproducibility defect,"The server scans BlokeyUI/ComfyUI/user/default/workflows, but BlokeyUI explicitly ignores **/user/default/workflows/ and those local workflow files were not committed.",17234f7 alone cannot reproduce the developer's picker inventory. Clean machines can show a partial/empty library or resolve different graphs.,server/aaa-workflow.js — WORKFLOW_ROOT; root .gitmodules; BlokeyUI .gitignore; pinned BlokeyUI tree,"Package supported workflow JSON in a tracked product directory with a manifest/version/hash, or provide a deterministic installer/import step and a first-run missing-library state.","A clean recursive clone produces the same supported picker inventory and graph hashes as the release machine, or clearly blocks with actionable setup."
QA-001,P1,Release Engineering,Confirmed process gap,"No behavioral browser tests cover play, cuts, takes, folder drop, or the Comfy picker; the commit has no CI status/workflow run, and main/master have no required checks.",The primary advertised workflows can regress while both release branches still accept the commit.,tests/sequence-editor-ui.test.mjs; tests/e2e/uat-harness.mjs; tests/e2e/uat-p0.browser.mjs; package.json; branch/status metadata,"Add real Playwright browser tests, API contract tests, accessibility checks, and required branch protection on one canonical release branch.",The P1 acceptance cases run in CI and must pass before merge; main and master cannot advance without the required checks.
SEQ-PLAY-003,P2,Sequence / Playback,Confirmed missing state,"No visible buffering, waiting, stalled, seeking, or decode-error state exists in the program monitor.","Users cannot distinguish a paused transport, a broken source, and a temporary media stall.",SequenceEditorWorkspace program monitor event/state handling,Add a clear state overlay and retry/relink action.,Each media state has distinct text/icon treatment and screen-reader announcement.
SEQ-PLAY-004,P2,Sequence / Playback,Confirmed error-handling defect,HTMLMediaElement.play() rejections and auxiliary-audio playback errors are swallowed or reduced to silently stopping playback.,Autoplay/device/codec errors appear as random transport failure.,SequenceEditorWorkspace play().catch handlers,Surface actionable errors with source/track context.,A forced play rejection produces a persistent error and recovery path.
SEQ-PLAY-005,P2,Sequence / Playback,High-confidence synchronization risk,Program video and auxiliary audio use separate HTMLMediaElement clocks with relatively loose correction thresholds.,Dialogue and effects can audibly drift before correction; corrections can be discontinuous.,SequenceEditorWorkspace media synchronization thresholds,Use one master audio clock and schedule sources against it.,A 10-minute mixed timeline remains within 20 ms A/V drift.
SEQ-PLAY-006,P2,Sequence / Playback,High-confidence runtime risk,Audio fades are updated from requestAnimationFrame and will be throttled in background/occluded tabs.,"Fades can become stepped, delayed, or jump to the wrong level.",SequenceEditorWorkspace rAF fade calculations,Schedule gain automation on an audio clock.,Fade envelopes remain correct after tab backgrounding and restoration.
SEQ-PLAY-007,P2,Sequence / Audio,Confirmed missing control,"There is no master meter, clip meter, clipping indication, or preview master gain.",Users cannot detect overloads or judge loudness before export.,Sequence editor program/audio UI,Add peak/RMS or LUFS-oriented metering and a clipping indicator.,Positive-gain clipping is visibly identified during preview.
SEQ-PLAY-008,P2,Sequence / Playback,Architecture limitation,"HTMLMediaElement seeking is not frame-accurate for long-GOP sources, but the UI presents frame/timeline precision.",Trim and cut review can show a nearby keyframe rather than the intended frame.,Sequence editor direct source seeking architecture,"Use proxy/intraframe media or frame-serving for editorial review, and label precision limits.",A frame-index fixture lands on the expected frame at each tested cut.
SEQ-PLAY-009,P2,Sequence / Playback,Confirmed UI-state ambiguity,Track play controls visually mirror global program playback rather than clearly representing lane-specific audition state.,Users cannot tell what will play or which control owns transport.,SequenceEditorWorkspace audio track control rendering,Separate program transport from solo/audition controls and label both.,"Control state remains unambiguous in mute, solo, locked, and program-play combinations."
SEQ-PLAY-010,P2,Sequence / Playback,Confirmed missing seam handling,No explicit cut-preroll or seam-readiness logic is present.,The viewer discovers decode latency at the cut rather than before it.,SequenceEditorWorkspace current/next clip handling,Prepare the next source before the seam and expose a degraded-preview mode when impossible.,Cut readiness is established before the seam for supported media.
SEQ-BIN-001,P2,Sequence / Media Bin,Confirmed state-consistency defect,Changing a filter can leave the source monitor showing an item no longer visible in the bin.,Selection and visible collection disagree.,selectedMedia derives from all media while visibleMedia is filtered,"Clear, preserve with an explicit hidden-selection banner, or reveal the selected item.",A hidden selection is never presented as though it belongs to the current filtered set.
SEQ-BIN-002,P2,Sequence / Media Bin,Scalability risk,The media/take list renders without virtualization.,Large takes libraries and repeated folder imports can make scrolling and interaction sluggish.,SequenceEditorWorkspace visibleMedia map rendering,Virtualize rows and stabilize item keys/heights.,"A 10,000-item fixture scrolls and filters responsively."
SEQ-PROBE-001,P2,Sequence / Media Probe,Confirmed concurrency defect,Retry-all starts multiple probes while sharing one global probing boolean; the first completion can clear busy state while others remain active.,The UI can enable conflicting actions and falsely appear finished.,SequenceEditorWorkspace retry-all/probeMedia state,Track a set/count of active probes and aggregate result state.,Busy state remains true until the final concurrent probe settles.
SEQ-PROBE-002,P2,Sequence / Media Probe,Confirmed retry-state weakness,Failed auto-probes are retained in a ref and are not automatically retried during the same mount.,Transient probe failures remain stale until manual intervention or remount.,SequenceEditorWorkspace auto-probe ref logic,Use bounded retry/backoff and expose failure state.,A transient first failure retries deterministically and settles visibly.
TAKE-002,P2,Sequence / Takes,Confirmed missing primary action,"There is no direct, explicit 'Replace selected timeline clip with selected take' action.",A common editorial task requires indirect context and is easy to perform against the wrong target.,Sequence editor take and timeline action surface,Add a primary replace action with target segment/timeline confirmation.,One keyboard-accessible action swaps the selected clip and preserves trim policy predictably.
TAKE-003,P2,Sequence / Takes,Confirmed missing comparison workflow,"No previous/next take cycling, A/B compare, side-by-side compare, or keyboard audition exists.",Reviewing many generations is slow and cognitively expensive.,Sequence editor take controls,Add segment-scoped cycling and compare modes.,A reviewer can audition all takes for one segment without moving pointer focus.
TAKE-004,P2,Sequence / Takes,Confirmed filter leakage,"When a segment is scoped, media with no segment ID can remain visible.",Unregistered folder imports pollute a segment-focused take review.,SequenceEditorWorkspace visibleMedia segment predicate,Make unassigned media an explicit separate group/filter.,Segment scope contains only that segment unless 'Include unassigned' is enabled.
TAKE-005,P3,Sequence / Takes,Visual semantics weakness,Active/Latest status is conveyed with very small badges and weak hierarchy.,Status is hard to scan and easy to misread.,Sequence editor media card badge rendering,Use larger labeled state chips and selected-target linkage.,"Status is legible at 100%, 125%, and 150% scaling."
TAKE-006,P3,Sequence / Takes,Preference persistence gap,Take filter choice is not persisted per user/project.,Users repeatedly restore their preferred review mode.,takeFilter local component state,Persist a project/user preference with a safe default.,The chosen filter restores after navigation and relaunch.
IMP-004,P2,Sequence / Folder Drop,Confirmed feedback gap,"Folder traversal can be lengthy, but upload/busy state starts only after traversal completes.",A deep folder appears to do nothing after drop.,drop traversal flow before importDroppedMedia,Show scanning state immediately with discovered/eligible counts.,Feedback appears within 100 ms of drop and updates throughout traversal.
IMP-005,P2,Sequence / Folder Drop,Confirmed missing control,"Uploads are sequential with no per-file progress, total progress, current filename, pause, or cancel.",Large imports feel frozen and cannot be safely interrupted.,SequenceEditorWorkspace import loop,"Add bounded concurrency, progress, and cancellation.",A 100-file import exposes deterministic progress and can cancel without corrupting metadata.
IMP-006,P2,Sequence / Folder Drop,Confirmed payload-handling defect,"If any DataTransfer item yields a webkit entry, fallback files are not added; mixed payloads can lose non-entry items.",Some dragged files disappear from mixed operating-system/browser payloads.,SequenceEditorWorkspace drop item/fallback branching,Merge and de-duplicate both entry traversal and dataTransfer.files.,Mixed file/folder payload fixtures import every eligible file exactly once.
IMP-007,P2,Sequence / Folder Drop,Compatibility risk,Folder traversal relies on nonstandard webkitGetAsEntry without a tested standards-based fallback.,"Behavior can differ across Chromium, Firefox, and future browser versions.",SequenceEditorWorkspace folder traversal API,"Provide feature detection, fallback input picker, and explicit unsupported-browser guidance.",Supported-browser matrix has passing folder and multi-file import cases.
IMP-008,P2,Sequence / Timeline Drop,Mental-model mismatch,Dropping media onto the timeline imports it to the bin rather than inserting it at the drop time/track.,The drop target visually promises an edit operation but performs a library operation.,Timeline onDrop wired to folder/media import,Either insert at the drop location or restrict import drop affordance to the bin and label it.,The result matches the visible drop target and preview indicator.
IMP-009,P2,Sequence / Folder Drop,Confirmed metadata loss,Relative folder hierarchy is discarded.,"Production organization, scene/take grouping, and provenance are lost.",Import payload stores flattened file metadata,Preserve normalized relativePath and optionally mirror bins/folders.,Nested folder structure is recoverable from imported metadata.
IMP-010,P2,Sequence / Folder Drop,Confirmed missing duplicate policy,Repeated drops create new copies without hash/size/path duplicate detection.,Disk and bins balloon; users cannot tell which duplicate is canonical.,Import server copy behavior and client messaging,"Preflight duplicates and offer skip, link existing, or copy.",Re-dropping an identical folder produces a clear duplicate decision rather than silent copies.
IMP-011,P2,Sequence / Folder Drop,Confirmed context disruption,Import resets media-tab/filter context to All.,Users lose their segment/take review context after every drop.,import completion state updates,Preserve context and offer 'Show imported'.,Import does not change the active filter unless the user chooses to reveal new assets.
IMP-012,P3,Sequence / Folder Drop,Workflow friction,Newly imported media is not automatically selected or grouped as a recent import.,Users must search for the result in a potentially large bin.,Import completion behavior,Add a recent-import group and optional selection.,The imported set is reachable in one action.
IMP-013,P2,Sequence / Folder Drop,High-confidence concurrency risk,Concurrent import requests update shared document import metadata without an evident revision/lock transaction.,Two simultaneous imports can overwrite each other's document metadata.,server import document read/modify/write flow,Use document revision checks or a serialized/atomic update.,Parallel imports preserve all entries with no lost updates.
IMP-014,P2,Sequence / Folder Drop,High-confidence collision risk,Audio destination naming uses timestamp-based naming without the same collision loop used for video.,Same-name audio uploads in a narrow time window can overwrite.,server import naming logic,Use UUID/content hash or atomic exclusive creation for every media class.,"1,000 concurrent same-name audio imports yield 1,000 distinct files."
IMP-015,P2,Sequence / Folder Drop,Confirmed silent no-op,A drop containing only unsupported files can return without actionable feedback.,Users do not know whether the drop was seen.,eligible-file filtering and early return,Always report scanned and rejected totals/reasons.,Unsupported-only drops produce a persistent explanatory result.
IMP-016,P2,Sequence / Folder Drop,Confirmed recovery gap,There is no failed-only retry or exportable error list.,Users must re-drop entire folders and risk more duplicates.,Import result UI,Retain a session result object with retry/export.,Retry failed reprocesses only failed items.
IMP-017,P3,Sequence / Folder Drop,Operational scalability risk,Repeated imports can grow both disk copies and imports metadata without cleanup/retention tools.,Projects accumulate difficult-to-manage storage and metadata debt.,Copy-on-import and document imports model,"Add storage usage, duplicate cleanup, and orphan management.",Users can identify and safely remove unused imported copies.
COMFY-004,P2,Comfy Picker,Confirmed HTTP handling defect,Workflow-list responses are parsed as JSON without checking response.ok.,HTTP errors collapse into confusing loading/empty behavior.,ComfyUIWorkspace Promise.all list requests,Validate status and retain per-source error diagnostics.,404/500/invalid JSON each produce source-specific actionable states.
COMFY-005,P2,Comfy Picker,Confirmed state-model weakness,"Loading, empty, partial, and error states are not cleanly distinguished; 'Loading workflows…' can persist indefinitely.","Users cannot tell whether to wait, repair setup, or retry.",Comfy workflow-list state/render logic,Use an explicit state machine and retry control.,"Every request terminates in loaded, partial, empty, or error with a next action."
COMFY-006,P2,Comfy Picker,Confirmed UI contract defect,Catalog readiness is captured but options are not disabled when unready.,Users can select workflows known not to be runnable.,Comfy option rendering disabled={false},Disable or clearly mark unavailable entries with remediation.,Unavailable workflows cannot produce false load success.
COMFY-007,P2,Comfy Picker,Scalability/usability weakness,"A flat native select is used for a recursive workflow library with no search, grouping, source filter, favorites, or virtualization.",Discovery degrades quickly as the local library grows.,Comfy picker select rendering,Use a searchable command/menu picker grouped by source/category with recent/favorites.,"A 5,000-workflow fixture can be found by name/path/model in a few keystrokes."
COMFY-008,P2,Comfy Picker,Confirmed provenance ambiguity,"Catalog, local-library, and packaged variants can represent the same logical workflow without clear de-duplication or source identity.",Users can load a different graph than expected and cannot explain machine-to-machine differences.,Workflow list merge and option labeling,"Normalize IDs, show source/version/hash, and define deterministic precedence.",Every option maps to one visible immutable graph identity.
COMFY-009,P2,Comfy Picker / Server,Confirmed performance risk,The server recursively scans the workflow tree and reads graph JSON synchronously on request.,Large local libraries/graphs can block the Node event loop and slow unrelated UI/API activity.,server/aaa-workflow.js listWorkflows/readWorkflowGraph,"Index asynchronously, cache metadata/hash, and invalidate on filesystem changes.",Picker list/graph requests do not create observable event-loop stalls on a large library.
COMFY-010,P2,Comfy Picker / Server,Confirmed resolution ambiguity,Fuzzy substring graph matching can choose an unintended file when IDs overlap.,The wrong workflow can load while the picker label appears correct.,server/aaa-workflow.js findPackageWorkflow/readWorkflowGraph fallback order,Use manifest-backed exact IDs; reject ambiguous matches.,Overlapping-name fixtures either resolve exactly or return an explicit ambiguity error.
COMFY-011,P2,Comfy Picker / Iframe,Confirmed exception-boundary defect,Some contentWindow/contentDocument accesses occur before the protecting try/catch.,Cross-origin or browser-security errors can escape and prevent fallback/error handling.,ComfyUIWorkspace injectGraph and queueVisibleWorkflow,Move all iframe access inside guarded bridge code and treat cross-origin as a first-class state.,"A deliberately cross-origin iframe yields a controlled error, not an unhandled exception."
COMFY-012,P2,Comfy Picker / Queue,Confirmed brittle integration,"Queueing can scrape iframe DOM text and click a visible Queue control, then report success without job/prompt acknowledgement.","UI changes, localization, or delayed queue failure can create false success.",ComfyUIWorkspace queueVisibleWorkflow,Queue through a versioned API/bridge and return prompt/job ID.,Success is shown only after an accepted prompt ID is returned.
COMFY-013,P2,Comfy Picker / Iframe,Confirmed stale-state risk,embedSrc is initialized from health data but does not clearly resynchronize when the configured Comfy URL changes.,Toolbar status and iframe destination can disagree after restart/reconfiguration.,ComfyUIWorkspace embedSrc initialization/update flow,Derive or synchronize iframe source from authoritative health/config state.,Changing engine profile updates status and iframe to the same endpoint.
COMFY-014,P2,Comfy Picker / Iframe,Confirmed recovery gap,"No explicit iframe load timeout, error state, or retry is provided.",A hung engine leaves a blank or indefinite embedded surface.,Comfy iframe event handling,"Add timeout, offline/error panel, restart/retry actions, and preserve context.","Offline, refused, and hung states each resolve to an actionable panel."
COMFY-015,P2,Comfy Picker,Interaction gap,"Selecting the already-selected workflow may not force a reload, especially when the fallback URL does not change.",Users cannot recover a modified/broken canvas from the picker.,Select change and URL fallback behavior,Add explicit Reload selected workflow.,Reload deterministically restores the selected graph after confirmation.
COMFY-016,P2,Comfy Picker,Context/default mismatch,Changing asset context can preserve any currently valid workflow rather than switching or clearly offering the asset default.,A workflow suitable for the prior asset can remain active for the new one.,Asset/default selection effect logic,Show recommended default and prompt to switch when context changes.,Context changes cannot silently leave an incompatible workflow presented as appropriate.
COMFY-017,P3,Comfy Picker,Information architecture gap,defaultForAsset is collected but not surfaced meaningfully in the picker UI.,Users cannot tell which workflow is recommended.,Comfy workflow data/rendering,Add Recommended badge and reset-to-default action.,Recommended workflow is visible and keyboard reachable.
COMFY-018,P2,Comfy Picker / Iframe,Integration fragility,Graph loading depends on private Comfy globals such as app/comfyApp and private methods.,A ComfyUI update can break loading without a compile-time or contract warning.,ComfyUIWorkspace injectGraph,Introduce a versioned extension/bridge owned by Premiere316 with capability negotiation.,Unsupported bridge versions fail closed with remediation.
COMFY-019,P2,Comfy Picker / Iframe,Confirmed async-state defect,Potentially asynchronous graph-load methods are not awaited before success is shown.,The toolbar can report success while loading later fails.,ComfyUIWorkspace injectGraph invocation,Await bridge completion and handle rejection.,"Success is emitted only after graph parse, apply, and canvas-ready acknowledgement."
COMFY-020,P3,Comfy Picker,Provenance gap,"After load, the UI does not prominently show graph source, version/hash, or local-versus-packaged origin.",Reproduction and support are difficult.,Comfy toolbar status content,Show immutable identity and copyable diagnostics.,A screenshot/log can identify the exact loaded graph.
A11Y-001,P2,Accessibility,Confirmed semantic gap,Several glyph-only transport/action controls lack robust accessible names and visible tooltips.,Screen-reader and unfamiliar users cannot identify controls.,Sequence editor transport/action button JSX,"Add accessible names, titles/tooltips, and consistent icon+label semantics.",Automated name/role checks pass and a screen reader announces every control distinctly.
A11Y-002,P2,Accessibility / Timeline,Confirmed keyboard gap,Clip reorder and trim handles are pointer-centric with no equivalent keyboard operation or ARIA value semantics.,Keyboard-only users cannot complete core edits.,Sequence timeline pointer handlers,Add keyboard trim/nudge/reorder commands and announce values.,The entire edit can be completed without a pointer.
A11Y-003,P2,Accessibility / Touch Targets,Confirmed sizing weakness,Multiple controls are approximately 16–28 px and fall below comfortable target dimensions.,"Mis-click risk rises, especially at high DPI or for motor impairments.",Sequence editor inline dimensions and Comfy toolbar styles,"Increase hit areas to at least 40–44 px where practical, without necessarily enlarging the icon.",Primary controls meet the project target-size standard.
A11Y-004,P2,Accessibility / Readability,Confirmed typography weakness,Important status/context text is rendered around 8–10 px.,Legibility is poor on common Windows scaling and dense production displays.,Sequence inline styles and Comfy toolbar CSS,Raise essential UI text and preserve hierarchy through weight/spacing rather than extreme size reduction.,"All functional text is readable at 100%, 125%, and 150% scaling."
A11Y-005,P2,Responsive Layout,Confirmed layout constraint; visual impact needs runtime validation,"The application and sequence workspace enforce large minimum widths, while dense fixed-height regions are likely to fail on 1366×768/1440×900 and split-screen.","Horizontal overflow, clipped controls, and excessive nested scrolling are likely.",global styles min-width and SequenceEditorWorkspace minWidth/fixed regions,Create responsive density breakpoints and low-height layouts; avoid requiring viewport-wide horizontal scrolling.,"Core workflows pass at 1366×768, 1440×900, 1920×1080, 4K, and Windows 150% scaling."
A11Y-006,P2,Accessibility / Status,Confirmed feedback gap,Import scanning/progress and playback buffering are not exposed through a consistent live-region status model.,Screen-reader users receive little or no operational feedback.,Folder import and playback state rendering,Add polite progress updates and assertive failure announcements without chatter.,"A screen reader can follow start, progress, completion, and failure."
A11Y-007,P2,Accessibility / Contrast,Requires rendered measurement,Muted small text and dense dark-theme controls appear at risk of insufficient contrast.,"Status, metadata, and disabled/enabled distinctions may be hard to perceive.",Static style review; live color sampling not available,Run rendered WCAG contrast checks and adjust semantic tokens.,Text and control boundaries meet the chosen WCAG AA targets.
A11Y-008,P2,Keyboard / Shortcuts,Confirmed scope defect,Space/Delete/S shortcuts are global and largely protected only by input-element checks rather than editor focus/context.,Commands can fire while the user is interacting with unrelated non-input controls.,SequenceEditorWorkspace global keydown handler,"Scope shortcuts to an active editor region, support command discovery, and honor modal/contenteditable contexts.",No edit command fires outside the focused editor context.
A11Y-009,P3,Accessibility / Dynamic Content,High-confidence usability risk,Periodic refresh/filter changes can reorder content without preserving focus or announcing the update.,Keyboard and screen-reader users can lose their place.,Sequence media refresh and list rendering,Preserve stable focus/selection and announce meaningful changes.,Refresh does not move focus or silently change the active item.
A11Y-010,P3,Sequence / Audio UI,Visual truthfulness weakness,Waveform-like bars are decorative rather than derived from audio.,The UI implies information it does not actually convey.,Sequence audio clip rendering,Render real waveform data or use a neutral clip texture.,Visual amplitude corresponds to the source or is clearly non-informational.
PROC-001,P2,Change Management,Confirmed scope contamination,"The feature commit also changes Create Sound, TTS/server areas, and a very large production storyboard file.","Review, rollback, bisecting, and regression attribution are harder.",17234f7 changed-file list and commit statistics,"Split product feature, runtime support, and project-data changes into isolated commits/PRs.",Each release change is independently reviewable and revertible.
PROC-002,P2,Diagnostics / Remediation,Confirmed evidence gap from user statement,Diagnostics and patch scripts stayed local and are therefore unavailable for review or reproducible repair.,The commit cannot be independently validated against the developer's local evidence/fixes.,User release note plus absence from changed files,"Commit sanitized diagnostics, expected outputs, and idempotent patch/migration scripts in a dedicated tooling location.",Another machine can reproduce the diagnostic result and repair from source.
PROC-003,P3,Source Integrity,Confirmed process note,The commit is unsigned.,Provenance is weaker than a verified release workflow.,GitHub commit verification metadata,Sign protected release commits/tags if provenance is a project requirement.,Release tag/commit is verified.
PROC-004,P2,Repository Hygiene,Confirmed repository risk,A very large mutable storyboard JSON is included in the same feature commit.,"Merge conflicts, repository growth, accidental state rollback, and noisy diffs increase.",Commit tree/changed-file metadata,Move generated/operational project state to appropriate storage or normalize/split it.,Feature code review is not dominated by generated production data.
PROC-005,P2,Test Coverage,Confirmed gap,No tests were added for the advertised interactions in this commit.,The new behavior has no regression lock.,17234f7 changed-file list,"Land tests with each feature, not as a later patch.",Every blocker and primary happy path has an automated regression test.
