time_s,faces_detected,selected_face_area,det_score,sheet_close,sheet_1,sheet_2,aug4_0
0.0,3,9624.314453125,0.7770074009895325,0.6105025410652161,0.5022301077842712,0.280209481716156,0.3330540657043457
0.5,0,0,0,,,,
1.0,1,2182.5908203125,0.7769893407821655,0.1303858757019043,0.059995025396347046,0.07405681908130646,0.047900211066007614
1.5,1,1349.43408203125,0.8437231779098511,-0.037054382264614105,0.016181062906980515,0.07936349511146545,0.025292303413152695
2.0,1,870.3233032226562,0.8698571920394897,-0.019896849989891052,0.01569255441427231,0.1024942547082901,0.06397802382707596
2.5,0,0,0,,,,
3.0,0,0,0,,,,
3.5,1,889.4442138671875,0.7797918319702148,0.0071830181404948235,0.014334805309772491,0.0981537401676178,0.048772551119327545
4.0,1,1276.4783935546875,0.8672193288803101,0.09100726991891861,0.1490655392408371,0.12005499005317688,0.05217180401086807
4.5,1,1529.5362548828125,0.8362782001495361,0.06711969524621964,0.12320484220981598,0.09698975831270218,0.05059733986854553
5.0,1,1476.846435546875,0.8377774357795715,0.1480836123228073,0.1933007687330246,0.12125198543071747,0.11650098860263824
5.5,1,1340.338134765625,0.8200278282165527,0.2144896686077118,0.19326603412628174,0.14452791213989258,0.12393379211425781
6.0,1,1224.389404296875,0.8278871774673462,0.24640527367591858,0.2641226351261139,0.1455317884683609,0.15726691484451294
6.5,1,963.0765380859375,0.8050483465194702,0.18587109446525574,0.19417273998260498,0.13659918308258057,0.13434746861457825
7.0,1,692.9956665039062,0.7670469284057617,0.07144370675086975,0.07893843948841095,0.03076419234275818,-0.004982762970030308
7.5,1,472.7816467285156,0.7081999182701111,0.03100135177373886,0.04118398576974869,-0.0009311363101005554,-0.008405471220612526
8.0,1,324.07745361328125,0.5995904803276062,-0.07613205909729004,-0.10843417793512344,0.027533289045095444,-0.08834399282932281
8.5,0,0,0,,,,
9.0,7,1514.4658203125,0.7429448962211609,0.10153096914291382,0.07253458350896835,0.020386232063174248,0.04140254855155945
9.5,2,688.7891235351562,0.506526529788971,0.043776411563158035,0.010523391887545586,0.09994363784790039,0.045518454164266586
10.0,2,167.94874572753906,0.5159434080123901,-0.0076916832476854324,-0.009894557297229767,0.011180139146745205,-0.011968258768320084
10.5,2,151.1089630126953,0.6624650955200195,0.011140036396682262,0.0007845200598239899,0.047095105051994324,0.009357346221804619
11.0,1,264.86956787109375,0.7663083076477051,0.017715584486722946,0.011995581910014153,0.10974666476249695,0.007403409108519554
11.5,1,502.4089050292969,0.8001999855041504,0.08670312166213989,0.06615748256444931,0.12117806077003479,0.059642694890499115
12.0,4,601.443359375,0.7516462802886963,0.06263303756713867,0.03446057066321373,0.03320593759417534,0.014686853624880314
12.5,6,615.822509765625,0.712907075881958,0.04746288061141968,0.05968764051795006,-0.009878532961010933,0.034635551273822784
13.0,5,665.7109375,0.7960182428359985,0.031310755759477615,0.0038699544966220856,-0.007727028802037239,-0.09847108274698257
13.5,7,645.6550903320312,0.779130220413208,0.04496336728334427,0.015698809176683426,-0.0016723088920116425,-0.063033826649189
14.0,8,612.7131958007812,0.8371378183364868,0.08710745722055435,0.04697746783494949,0.04845995455980301,-0.02939503639936447
14.5,8,638.279541015625,0.7804619669914246,0.07059062272310257,0.07461950182914734,0.008382882922887802,-0.021439863368868828
15.0,7,623.4637451171875,0.8324902057647705,0.16599906980991364,0.19882145524024963,0.05739641934633255,0.06387042999267578
15.5,8,639.4846801757812,0.8375550508499146,0.16507327556610107,0.1878742277622223,0.11445885896682739,0.07116241753101349
16.0,8,614.912841796875,0.8214092254638672,0.15242069959640503,0.18260741233825684,0.09990887343883514,0.08551522344350815
16.5,8,624.3782958984375,0.8156309127807617,-0.03218655288219452,-0.05507010966539383,-0.12703609466552734,-0.09173791110515594
17.0,1,141717.359375,0.816462516784668,0.2410120964050293,0.3737637996673584,0.08437938988208771,0.2641782760620117
17.5,1,142027.921875,0.8094158172607422,0.23710069060325623,0.38926684856414795,0.13166889548301697,0.27156999707221985
18.0,1,140132.21875,0.6952424049377441,0.22073416411876678,0.35589927434921265,0.1555798351764679,0.25650155544281006
18.5,1,153401.875,0.7546114921569824,0.25614750385284424,0.3486463129520416,0.1034417375922203,0.2163022756576538
19.0,1,140028.921875,0.7851238250732422,0.23894065618515015,0.3628213107585907,0.10228054225444794,0.24961820244789124
19.5,1,118757.3828125,0.7811049818992615,0.22263529896736145,0.38462555408477783,0.15998870134353638,0.31372249126434326
20.0,1,93696.375,0.8297860622406006,0.2686196565628052,0.36646324396133423,0.11517304182052612,0.27304917573928833
20.5,1,68041.921875,0.8490447998046875,0.2791045904159546,0.41868507862091064,0.18115699291229248,0.3254450559616089
21.0,1,37736.0859375,0.775242805480957,0.27126020193099976,0.34781214594841003,0.14143839478492737,0.2695155739784241
21.5,1,25563.978515625,0.8325673341751099,0.31464657187461853,0.40563419461250305,0.1417403221130371,0.24604995548725128
22.0,1,14357.572265625,0.8119949102401733,0.2976805567741394,0.4228748083114624,0.16028785705566406,0.2691420316696167
22.5,1,8145.11376953125,0.8558916449546814,0.28765755891799927,0.4167829155921936,0.11403392255306244,0.2671055197715759
23.0,1,4606.01171875,0.8548727035522461,0.2384795844554901,0.3525596261024475,0.12732306122779846,0.23668470978736877
23.5,1,2548.92724609375,0.7822223901748657,0.08655080199241638,0.1370525062084198,-0.05377928540110588,0.10745809972286224
24.0,0,0,0,,,,
24.5,1,21038.1796875,0.8305182456970215,0.17336678504943848,0.26300543546676636,0.12963615357875824,0.21091827750205994
25.0,1,18770.998046875,0.8687455654144287,0.10649870336055756,0.18103575706481934,0.20569546520709991,0.20171070098876953
25.5,1,16949.55859375,0.8099030256271362,0.045451607555150986,0.12685373425483704,0.05951206758618355,0.04339967668056488
26.0,0,0,0,,,,
26.5,0,0,0,,,,
27.0,0,0,0,,,,
27.5,0,0,0,,,,
28.0,0,0,0,,,,
28.5,0,0,0,,,,
29.0,0,0,0,,,,
29.5,0,0,0,,,,
